;Acidity;Aroma;Flavor;Sweetness;altitude_mean_meters;Country.of.Origin;altitude_low_meters;altitude_high_meters
0;8.75;8.67;8.83;10.0;2075.0;"Ethiopia";1950.0;2200.0
1;8.58;8.75;8.67;10.0;2075.0;"Ethiopia";1950.0;2200.0
2;8.42;8.42;8.5;10.0;1700.0;Guatemala;1600.0;1800.0
3;8.42;8.17;8.58;10.0;2000.0;Ethiopia;1800.0;2200.0
4;8.5;8.25;8.5;10.0;2075.0;Ethiopia;1950.0;2200.0
7;8.42;8.25;8.33;9.33;1635.0;Ethiopia;1570.0;1700.0
8;8.42;8.67;8.67;9.33;1635.0;Ethiopia;1570.0;1700.0
9;8.5;8.08;8.58;10.0;1822.5;Ethiopia;1795.0;1850.0
10;8.5;8.17;8.67;10.0;1905.0;Ethiopia;1855.0;1955.0
11;8.33;8.25;8.42;10.0;1872.0;United States;1872.0;1872.0
12;8.42;8.08;8.67;10.0;1943.0;United States;1943.0;1943.0
13;8.25;8.33;8.42;10.0;609.6;United States (Hawaii);609.6;609.6
14;8.25;8.25;8.33;9.33;1635.0;Ethiopia;1570.0;1700.0
15;8.17;8.0;8.5;10.0;2080.0;United States;2080.0;2080.0
16;7.75;8.33;8.25;10.0;1500.0;Indonesia;1200.0;1800.0
18;8.17;8.42;8.25;10.0;1450.0;China;1450.0;1450.0
19;8.17;8.17;8.17;10.0;1850.0;Ethiopia;1700.0;2000.0
20;8.5;8.0;8.25;10.0;2019.0;United States;2019.0;2019.0
21;8.17;8.08;8.25;10.0;1300.0;Costa Rica;1300.0;1300.0
22;8.0;8.17;8.25;10.0;1320.0;Mexico;1320.0;1320.0
23;8.17;8.25;8.33;10.0;2112.0;United States;2112.0;2112.0
25;8.0;8.5;8.5;10.0;1250.0;Brazil;1250.0;1250.0
27;8.17;8.42;8.17;10.0;1950.0;Uganda;1950.0;1950.0
28;8.0;8.17;8.08;10.0;1400.0;Honduras;1400.0;1400.0
29;8.25;8.0;8.0;10.0;1200.0;Taiwan;1200.0;1200.0
32;7.75;8.5;8.17;10.0;1300.0;Brazil;1300.0;1300.0
33;8.08;8.17;7.83;10.0;1300.0;Costa Rica;1300.0;1300.0
34;8.0;8.0;8.08;10.0;1775.0;Ethiopia;1750.0;1800.0
35;8.25;8.08;8.0;10.0;1800.0;Kenya;1800.0;1800.0
39;8.0;7.67;8.17;10.0;1941.0;United States;1941.0;1941.0
40;8.25;7.83;8.33;10.0;1300.0;Thailand;1300.0;1300.0
41;7.75;8.17;7.92;10.0;12.0;Brazil;12.0;12.0
42;7.75;8.42;7.92;10.0;12.0;Brazil;12.0;12.0
43;8.08;8.08;8.17;10.0;1000.0;Taiwan;1000.0;1000.0
44;8.0;8.08;8.08;10.0;1754.0;Kenya;1754.0;1754.0
45;8.0;8.33;8.0;10.0;1250.0;Brazil;1250.0;1250.0
47;8.08;7.75;7.92;10.0;1200.0;Colombia;900.0;1500.0
48;8.5;7.92;8.17;10.0;1860.0;Kenya;1520.0;2200.0
49;8.08;8.25;8.0;10.0;1650.0;Uganda;1400.0;1900.0
50;8.25;7.75;8.08;10.0;1750.0;Ethiopia;1500.0;2000.0
51;8.0;8.33;8.17;10.0;426.72;United States (Hawaii);426.72;426.72
53;8.08;8.17;8.17;10.0;1650.0;Uganda;1400.0;1900.0
54;8.17;8.0;8.0;10.0;1800.0;Colombia;1800.0;1800.0
55;8.08;8.0;8.0;10.0;1600.0;Panama;1600.0;1600.0
56;8.08;7.83;8.08;10.0;1900.0;Ethiopia;1800.0;2000.0
57;8.17;7.83;8.0;10.0;1524.0;Guatemala;1524.0;1524.0
58;8.33;8.0;8.0;10.0;1417.32;Guatemala;1417.32;1417.32
61;8.33;8.33;8.42;10.0;1700.0;Papua New Guinea;1700.0;1700.0
62;7.92;7.92;8.17;10.0;1500.0;El Salvador;1500.0;1500.0
63;7.75;7.83;8.0;10.0;1350.0;El Salvador;1300.0;1400.0
65;7.83;8.0;7.75;10.0;1680.0;Panama;1680.0;1680.0
66;8.08;7.92;7.92;10.0;1900.0;Kenya;1900.0;1900.0
67;7.92;7.83;8.0;10.0;1900.0;Ethiopia;1800.0;2000.0
68;7.92;8.33;7.92;10.0;1600.0;Uganda;1600.0;1600.0
69;8.33;8.0;7.83;10.0;1731.264;Guatemala;1706.88;1755.648
70;8.17;7.75;7.83;10.0;1900.0;Ethiopia;1800.0;2000.0
71;7.67;8.08;8.0;10.0;1950.0;Uganda;1950.0;1950.0
73;7.67;8.0;8.0;10.0;1250.0;Brazil;1250.0;1250.0
74;8.08;8.08;7.83;10.0;1400.0;El Salvador;1400.0;1400.0
75;7.83;8.0;8.0;10.0;1700.0;China;1700.0;1700.0
76;7.67;7.83;7.75;10.0;1770.0;Guatemala;1770.0;1770.0
77;7.92;7.92;8.08;9.33;1300.0;Costa Rica;1300.0;1300.0
78;7.67;8.0;7.58;10.0;1300.0;Costa Rica;1300.0;1300.0
79;8.08;7.83;8.08;10.0;1600.0;Kenya;1600.0;1600.0
80;8.08;8.0;7.92;10.0;1200.0;Kenya;1200.0;1200.0
84;8.0;8.17;7.92;10.0;1550.0;Colombia;1550.0;1550.0
85;7.83;7.58;8.08;10.0;1550.0;Colombia;1550.0;1550.0
86;8.0;7.75;7.83;10.0;1325.0;Indonesia;1250.0;1400.0
87;7.92;8.25;8.0;10.0;1400.0;Guatemala;1400.0;1400.0
89;8.08;8.17;7.83;10.0;2560.0;Colombia;2560.0;2560.0
90;8.0;8.42;8.0;10.0;1700.0;Ethiopia;1700.0;1700.0
92;7.75;7.83;8.0;10.0;2136.0;Colombia;2136.0;2136.0
96;7.75;8.17;7.92;10.0;1800.0;Uganda;1800.0;1800.0
98;7.92;7.83;8.0;10.0;1900.0;Costa Rica;1900.0;1900.0
99;7.75;7.83;8.0;10.0;1300.0;Mexico;1300.0;1300.0
100;7.75;8.17;7.83;10.0;1.0;Kenya;1.0;1.0
101;8.08;7.75;7.83;10.0;1580.0;Kenya;1580.0;1580.0
102;7.83;8.0;8.0;10.0;1100.0;Brazil;1100.0;1100.0
103;8.08;7.92;8.17;10.0;1400.0;Mexico;1400.0;1400.0
105;8.0;7.83;8.08;10.0;1325.88;Guatemala;1066.8;1584.96
107;7.83;7.92;7.83;10.0;1775.0;Colombia;1600.0;1950.0
108;7.58;7.67;7.83;10.0;800.0;Taiwan;800.0;800.0
109;7.92;8.0;7.83;10.0;1620.0;Tanzania, United Republic Of;1620.0;1620.0
110;7.75;7.75;7.92;10.0;1775.0;Colombia;1600.0;1950.0
111;7.83;7.75;8.0;10.0;1200.0;Mexico;1200.0;1200.0
112;7.75;8.0;7.92;10.0;1200.0;Brazil;1200.0;1200.0
113;8.0;8.0;8.0;10.0;1000.0;Brazil;1000.0;1000.0
115;7.83;7.92;7.58;10.0;350.0;Taiwan;350.0;350.0
116;7.67;7.75;7.92;10.0;1650.0;Uganda;1400.0;1900.0
118;7.92;7.75;7.92;10.0;1750.0;Ethiopia;1500.0;2000.0
119;8.0;7.42;7.92;10.0;1750.0;Ethiopia;1500.0;2000.0
121;7.92;7.92;7.83;10.0;1800.0;Kenya;1800.0;1800.0
122;7.67;7.83;7.75;10.0;1450.0;Honduras;1450.0;1450.0
123;8.33;7.75;8.0;9.33;1200.0;El Salvador;1200.0;1200.0
124;7.83;7.83;7.58;10.0;925.0;Nicaragua;800.0;1050.0
125;8.0;7.83;7.83;10.0;1350.0;El Salvador;1350.0;1350.0
126;7.75;7.92;7.83;10.0;1200.0;Indonesia;1200.0;1200.0
127;7.42;7.75;7.75;10.0;170.0;Japan;170.0;170.0
128;7.83;8.08;7.75;10.0;1150.0;Costa Rica;1150.0;1150.0
129;8.0;7.75;7.83;10.0;1600.0;Guatemala;1600.0;1600.0
130;7.17;8.17;8.0;10.0;1750.0;Costa Rica;1750.0;1750.0
131;7.83;8.08;7.83;10.0;1900.0;Ethiopia;1900.0;1900.0
132;7.75;7.67;7.58;10.0;1750.0;Costa Rica;1750.0;1750.0
133;7.75;8.0;7.58;10.0;1200.0;Costa Rica;1200.0;1200.0
135;7.75;8.0;7.92;10.0;1000.0;Taiwan;1000.0;1000.0
136;7.83;7.75;7.83;10.0;1550.0;Colombia;1550.0;1550.0
137;8.0;7.75;7.92;10.0;2000.0;Kenya;2000.0;2000.0
138;7.83;8.0;7.83;10.0;1310.64;Guatemala;1310.64;1310.64
139;8.0;7.67;7.83;10.0;1524.0;Guatemala;1524.0;1524.0
140;7.92;7.83;7.58;10.0;1200.0;Mexico;1200.0;1200.0
141;7.92;7.92;7.83;10.0;1775.0;Uganda;1700.0;1850.0
143;8.0;7.42;7.75;10.0;1750.0;Ethiopia;1500.0;2000.0
144;7.75;7.92;7.75;10.0;1754.0;Kenya;1754.0;1754.0
145;7.92;7.83;7.67;10.0;1500.0;Colombia;1500.0;1500.0
147;7.75;7.83;7.83;10.0;1800.0;Kenya;1800.0;1800.0
148;7.92;7.75;7.83;10.0;1524.0;Guatemala;1524.0;1524.0
149;7.58;8.0;7.92;10.0;1219.2;Guatemala;1219.2;1219.2
150;7.75;7.67;7.67;10.0;1550.0;Colombia;1550.0;1550.0
151;7.75;7.75;7.75;10.0;1750.0;Colombia;1600.0;1900.0
153;8.0;7.67;7.83;10.0;1750.0;Colombia;1750.0;1750.0
154;8.0;7.75;7.83;10.0;1575.0;Costa Rica;1450.0;1700.0
155;7.75;7.42;7.67;10.0;1800.0;Colombia;1800.0;1800.0
156;7.75;8.0;8.0;10.0;1300.0;Brazil;1300.0;1300.0
157;7.75;8.5;8.0;10.0;1100.0;Brazil;1100.0;1100.0
158;7.75;7.92;7.67;10.0;1200.0;Costa Rica;1200.0;1200.0
159;7.75;7.92;7.75;10.0;1750.0;Uganda;1750.0;1750.0
160;7.83;7.75;7.92;10.0;1680.0;China;1680.0;1680.0
161;7.83;7.92;7.83;10.0;1700.0;Costa Rica;1700.0;1700.0
162;7.83;8.08;7.67;10.0;1800.0;Colombia;1800.0;1800.0
163;7.83;7.67;8.0;10.0;1100.0;China;1100.0;1100.0
164;7.83;8.17;7.83;10.0;1310.64;Guatemala;1310.64;1310.64
165;8.0;7.92;7.83;10.0;2000.0;Kenya;2000.0;2000.0
166;8.08;8.0;7.92;10.0;1350.0;Mexico;1350.0;1350.0
167;7.75;7.92;7.83;10.0;1500.0;Mexico;1500.0;1500.0
171;8.0;7.58;7.83;10.0;1300.0;Costa Rica;1300.0;1300.0
172;7.58;7.67;7.67;10.0;1400.0;Indonesia;1400.0;1400.0
174;7.92;7.92;7.75;10.0;1775.0;Colombia;1600.0;1950.0
175;8.0;7.83;7.83;10.0;1200.0;Taiwan;1200.0;1200.0
177;7.67;7.75;7.92;10.0;900.0;Mexico;900.0;900.0
179;7.75;7.33;7.58;10.0;1800.0;Kenya;1800.0;1800.0
180;7.67;7.92;8.0;10.0;1500.0;Honduras;1500.0;1500.0
182;7.75;7.58;7.92;10.0;1500.0;Honduras;1500.0;1500.0
184;7.67;7.75;7.67;10.0;442.0;Colombia;442.0;442.0
185;7.83;7.75;7.58;10.0;1800.0;Colombia;1800.0;1800.0
186;7.83;8.0;7.75;10.0;1700.0;Mexico;1700.0;1700.0
187;7.75;8.17;8.0;10.0;1275.0;Brazil;1200.0;1350.0
188;7.5;8.0;8.0;10.0;1050.0;Brazil;900.0;1200.0
189;7.75;7.75;7.75;10.0;1493.52;Ethiopia;1097.28;1889.76
190;7.67;7.5;7.67;10.0;1386.84;Guatemala;1341.12;1432.56
191;7.67;7.92;7.75;10.0;1000.0;Taiwan;1000.0;1000.0
192;7.42;7.83;7.75;10.0;1200.0;Thailand;1200.0;1200.0
193;7.58;7.83;7.58;10.0;2560.0;Colombia;2560.0;2560.0
194;7.92;7.75;7.75;10.0;1500.0;Guatemala;1500.0;1500.0
195;8.08;7.75;7.92;10.0;1099.4136;Guatemala;1099.4136;1099.4136
196;7.75;7.83;7.83;10.0;1400.0;China;1400.0;1400.0
197;7.75;7.67;7.67;10.0;1775.0;Colombia;1600.0;1950.0
198;7.58;7.83;7.67;10.0;1775.0;Colombia;1600.0;1950.0
199;7.58;7.83;7.75;10.0;1800.0;Colombia;1800.0;1800.0
200;7.75;7.42;7.67;10.0;442.0;Colombia;442.0;442.0
201;7.83;7.83;7.67;10.0;1620.0;Tanzania, United Republic Of;1620.0;1620.0
202;7.75;7.83;7.75;10.0;1600.0;Tanzania, United Republic Of;1600.0;1600.0
203;7.92;7.83;7.83;10.0;1219.2;Guatemala;1219.2;1219.2
204;7.83;7.58;7.5;10.0;1700.0;Colombia;1700.0;1700.0
206;7.83;7.83;7.92;10.0;1450.0;Mexico;1450.0;1450.0
207;7.67;7.83;7.83;10.0;1170.0;Mexico;1170.0;1170.0
208;7.75;7.83;7.92;10.0;1400.0;Mexico;1400.0;1400.0
209;7.67;8.17;7.75;10.0;1700.0;Uganda;1700.0;1700.0
210;7.83;7.75;7.83;10.0;1700.0;Guatemala;1700.0;1700.0
212;7.67;7.92;7.75;10.0;1700.0;Costa Rica;1700.0;1700.0
213;8.0;7.75;7.75;10.0;1116.7872;Guatemala;1116.7872;1116.7872
214;7.92;7.75;7.92;10.0;1565.0;Guatemala;1565.0;1565.0
215;7.83;7.58;7.83;10.0;3280.0;Guatemala;3280.0;3280.0
216;7.67;8.0;7.5;10.0;1775.0;Colombia;1600.0;1950.0
217;7.5;7.67;7.83;10.0;1000.0;Nicaragua;900.0;1100.0
218;7.67;7.67;7.75;10.0;1150.0;Brazil;1150.0;1150.0
219;7.75;7.67;7.75;10.0;1850.0;Costa Rica;1850.0;1850.0
220;7.83;7.5;7.92;10.0;1606.5;Ethiopia;1545.0;1668.0
221;7.75;7.92;7.75;10.0;1400.0;Tanzania, United Republic Of;1400.0;1400.0
222;7.42;7.67;7.5;10.0;1530.0;Colombia;1530.0;1530.0
224;7.75;7.58;7.75;10.0;250.5;Kenya;1.0;500.0
225;7.67;7.58;7.83;10.0;1038.5;Brazil;894.0;1183.0
226;7.67;7.92;7.75;10.0;1310.64;Guatemala;1310.64;1310.64
227;7.17;8.42;8.08;10.0;1500.0;El Salvador;1500.0;1500.0
228;7.75;7.75;7.75;10.0;1750.0;Colombia;1750.0;1750.0
230;7.83;7.83;7.75;10.0;1600.0;Uganda;1500.0;1700.0
232;7.5;7.83;7.5;10.0;442.0;Colombia;442.0;442.0
233;7.67;7.58;7.67;10.0;968.0;Taiwan;968.0;968.0
235;7.75;7.92;7.75;10.0;1775.0;Colombia;1600.0;1950.0
236;8.0;7.58;7.75;10.0;1550.0;Guatemala;1550.0;1550.0
238;7.75;7.67;7.75;10.0;1480.0;Mexico;1480.0;1480.0
239;8.0;7.92;7.92;8.67;1800.0;Ethiopia;1800.0;1800.0
241;7.75;7.83;7.75;10.0;1800.0;Ethiopia;1800.0;1800.0
242;7.92;7.42;7.83;10.0;1500.0;Honduras;1500.0;1500.0
243;7.92;7.67;7.83;10.0;1706.88;Guatemala;1658.112;1755.648
244;7.58;7.67;7.67;10.0;1600.0;Colombia;1600.0;1600.0
245;7.92;7.92;7.67;10.0;1219.2;Guatemala;1219.2;1219.2
246;7.83;7.75;7.83;10.0;1219.2;Guatemala;1219.2;1219.2
247;7.67;7.67;7.75;10.0;1480.0;Colombia;1480.0;1480.0
248;7.92;7.58;7.42;10.0;1450.0;Colombia;1450.0;1450.0
249;7.5;7.67;7.67;10.0;1775.0;Colombia;1600.0;1950.0
250;7.58;7.75;7.75;10.0;1550.0;Ethiopia;1550.0;1550.0
251;7.25;7.58;7.83;10.0;1260.0;Brazil;1260.0;1260.0
252;7.75;7.67;7.83;10.0;1700.0;Colombia;1700.0;1700.0
253;7.75;7.67;7.83;10.0;1200.0;Kenya;1200.0;1200.0
255;7.75;7.67;7.75;10.0;1650.0;Kenya;1650.0;1650.0
256;7.67;7.92;7.75;10.0;1700.0;Uganda;1700.0;1700.0
258;7.5;7.5;7.75;10.0;890.0;Brazil;890.0;890.0
259;7.92;7.83;7.83;10.0;1300.0;Mexico;1300.0;1300.0
260;7.67;7.67;7.75;10.0;1350.0;Thailand;1350.0;1350.0
261;7.75;7.58;7.67;10.0;934.0;Brazil;934.0;934.0
262;7.75;7.83;7.75;10.0;1200.0;Taiwan;1200.0;1200.0
263;7.75;7.75;7.67;10.0;442.0;Colombia;442.0;442.0
268;7.83;7.75;7.58;10.0;1775.0;Colombia;1600.0;1950.0
269;7.92;8.0;7.92;10.0;950.0;Taiwan;950.0;950.0
270;7.75;7.67;7.83;10.0;1550.0;Colombia;1550.0;1550.0
271;7.67;7.67;7.75;10.0;900.0;Mexico;900.0;900.0
272;7.83;7.5;7.67;10.0;1500.0;Mexico;1500.0;1500.0
273;7.92;7.75;7.92;10.0;1400.0;Mexico;1400.0;1400.0
274;7.83;7.92;7.58;10.0;2527.0;Colombia;2527.0;2527.0
276;7.67;7.67;7.67;10.0;1850.0;Costa Rica;1850.0;1850.0
277;7.75;7.75;7.75;10.0;1500.0;Guatemala;1500.0;1500.0
278;7.75;7.75;7.67;10.0;1200.0;Taiwan;1200.0;1200.0
279;8.0;7.25;7.58;10.0;1.0;Brazil;1.0;1.0
280;7.75;7.67;7.75;10.0;525.0;Taiwan;480.0;570.0
281;7.67;7.75;7.75;10.0;1676.5;Ethiopia;1650.0;1703.0
282;7.5;7.67;7.67;9.33;1200.0;Brazil;1200.0;1200.0
283;7.83;7.83;7.42;10.0;1300.0;Costa Rica;1200.0;1400.0
284;8.0;7.58;7.83;10.0;1219.2;Guatemala;1219.2;1219.2
285;7.67;7.92;7.5;10.0;1260.0;Brazil;1260.0;1260.0
286;7.75;7.5;7.67;10.0;800.0;Ecuador;800.0;800.0
287;7.83;7.67;7.58;10.0;1750.0;Colombia;1750.0;1750.0
288;7.83;7.5;7.83;10.0;1310.64;Guatemala;1310.64;1310.64
289;7.42;7.67;8.0;10.0;1218.0;Mexico;1218.0;1218.0
290;7.75;7.67;7.58;10.0;1300.0;Mexico;1300.0;1300.0
291;7.67;7.83;7.83;10.0;1250.0;Brazil;1250.0;1250.0
292;8.0;7.75;7.75;10.0;1499.9208;Thailand;1499.9208;1499.9208
295;7.58;7.75;7.58;10.0;1800.0;Kenya;1800.0;1800.0
296;7.75;7.67;7.67;10.0;890.0;Brazil;890.0;890.0
297;7.58;7.83;7.83;10.0;442.0;Colombia;442.0;442.0
298;7.58;7.67;7.67;10.0;750.0;Taiwan;750.0;750.0
300;7.5;7.83;7.75;10.0;1650.0;China;1650.0;1650.0
301;7.67;7.75;7.67;10.0;442.0;Colombia;442.0;442.0
302;7.75;8.0;7.92;10.0;1400.0;Uganda;1400.0;1400.0
303;7.67;7.83;7.83;10.0;853.44;United States (Puerto Rico);853.44;853.44
304;7.92;7.67;7.67;10.0;1775.0;Colombia;1600.0;1950.0
305;7.42;7.67;7.42;10.0;1550.0;Colombia;1500.0;1600.0
306;7.67;7.58;7.67;10.0;1750.0;Colombia;1750.0;1750.0
307;7.58;7.75;7.67;10.0;1750.0;Colombia;1750.0;1750.0
309;7.5;7.83;7.58;10.0;700.0;Mexico;700.0;700.0
310;7.67;7.67;7.58;10.0;1300.0;Guatemala;1300.0;1300.0
311;7.33;7.83;7.83;10.0;1600.0;Colombia;1600.0;1600.0
312;7.25;7.75;7.67;10.0;1600.0;Colombia;1600.0;1600.0
314;7.67;7.67;7.83;10.0;890.0;Brazil;890.0;890.0
315;7.58;8.08;7.67;10.0;1700.0;Kenya;1700.0;1700.0
316;7.67;7.5;7.5;10.0;1400.0;Honduras;1400.0;1400.0
317;7.67;7.67;7.75;10.0;1250.0;Nicaragua;1250.0;1250.0
318;7.75;7.58;7.75;10.0;934.0;Brazil;934.0;934.0
319;7.92;7.5;7.67;10.0;1200.0;Taiwan;1200.0;1200.0
320;7.5;7.33;7.67;10.0;1350.0;Costa Rica;1350.0;1350.0
321;7.83;7.5;7.75;10.0;800.0;Thailand;800.0;800.0
322;7.75;7.5;7.75;10.0;1625.0;Colombia;1550.0;1700.0
323;8.0;8.0;7.5;10.0;1356.6648;Guatemala;1356.6648;1356.6648
324;7.58;7.83;7.75;10.0;1750.0;Colombia;1750.0;1750.0
325;7.67;7.67;7.67;10.0;1900.0;Colombia;1800.0;2000.0
326;7.67;7.67;7.67;10.0;1310.64;Guatemala;1310.64;1310.64
327;7.67;7.83;7.67;10.0;1310.64;Guatemala;1310.64;1310.64
328;7.83;7.75;7.75;10.0;1750.0;Colombia;1750.0;1750.0
329;7.67;8.17;8.17;9.33;1450.0;Guatemala;1450.0;1450.0
330;7.42;7.67;8.17;10.0;1310.64;Guatemala;1310.64;1310.64
331;7.33;7.67;7.5;10.0;1100.0;Mexico;1100.0;1100.0
332;7.58;8.17;7.67;10.0;1400.0;Indonesia;1200.0;1600.0
333;8.0;7.67;7.5;10.0;1524.0;Guatemala;1524.0;1524.0
335;7.58;7.58;7.67;10.0;890.0;Brazil;890.0;890.0
336;7.83;7.75;7.75;10.0;1128.3696;Guatemala;1128.3696;1128.3696
338;7.58;7.67;7.58;10.0;1100.0;China;1100.0;1100.0
339;7.67;7.67;7.75;10.0;1775.0;Colombia;1600.0;1950.0
340;7.58;7.75;7.75;10.0;1200.0;Mexico;1200.0;1200.0
341;7.67;7.75;7.67;10.0;1850.0;Ethiopia;1700.0;2000.0
342;7.75;7.67;7.67;10.0;1800.0;Uganda;1800.0;1800.0
343;7.67;7.67;7.58;10.0;1600.0;Colombia;1600.0;1600.0
344;7.58;7.67;7.58;10.0;1550.0;Colombia;1550.0;1550.0
345;7.58;7.75;7.58;10.0;1550.0;Colombia;1550.0;1550.0
346;7.75;7.75;7.75;10.0;1000.0;Taiwan;1000.0;1000.0
347;7.67;7.67;7.67;10.0;1775.0;Colombia;1600.0;1950.0
348;7.58;7.83;7.67;10.0;1000.0;Mexico;1000.0;1000.0
349;7.58;7.67;7.58;10.0;2136.0;Colombia;2136.0;2136.0
350;7.75;7.83;7.75;10.0;1100.0;Brazil;1100.0;1100.0
351;7.75;7.75;7.58;10.0;1799.0;Colombia;1799.0;1799.0
353;7.67;7.92;7.42;10.0;1850.0;Costa Rica;1850.0;1850.0
354;7.5;7.75;7.58;10.0;1000.0;Colombia;1000.0;1000.0
355;7.83;7.67;7.75;10.0;1219.2;Guatemala;1219.2;1219.2
356;7.58;7.58;7.58;10.0;1775.0;Colombia;1600.0;1950.0
357;7.67;7.75;7.67;10.0;1400.0;Tanzania, United Republic Of;1400.0;1400.0
358;7.92;7.25;7.67;10.0;1500.0;Indonesia;1500.0;1500.0
359;7.58;7.67;7.75;10.0;1600.0;Ethiopia;1600.0;1600.0
361;7.58;8.0;7.58;10.0;1850.0;Colombia;1850.0;1850.0
362;7.83;7.58;7.75;10.0;1400.0;Guatemala;1400.0;1400.0
363;7.5;7.75;7.58;10.0;1650.0;Colombia;1650.0;1650.0
364;7.5;7.67;7.5;10.0;1350.0;Honduras;1350.0;1350.0
365;7.67;7.58;7.75;10.0;1750.0;Colombia;1750.0;1750.0
366;7.75;7.58;7.67;10.0;1750.0;Colombia;1750.0;1750.0
367;7.5;7.83;7.58;10.0;1170.0;Mexico;1170.0;1170.0
368;7.75;7.67;7.75;10.0;940.0;Mexico;940.0;940.0
369;7.75;7.75;7.67;10.0;1400.0;Mexico;1400.0;1400.0
370;8.0;7.83;7.5;10.0;1524.0;Guatemala;1524.0;1524.0
371;7.67;7.67;7.58;10.0;1775.0;Colombia;1600.0;1950.0
372;7.5;7.5;7.5;10.0;1402.08;Guatemala;1402.08;1402.08
374;7.58;7.83;7.58;10.0;1600.0;Indonesia;1600.0;1600.0
375;7.5;7.5;7.58;10.0;439.0;Colombia;439.0;439.0
376;7.58;7.67;7.75;10.0;1700.0;Guatemala;1700.0;1700.0
377;7.67;7.67;7.67;10.0;442.0;Colombia;442.0;442.0
378;7.92;7.58;7.5;10.0;1850.0;Costa Rica;1850.0;1850.0
380;7.75;7.58;7.75;10.0;1800.0;Uganda;1800.0;1800.0
381;7.5;7.5;7.58;10.0;1200.0;Thailand;1200.0;1200.0
382;7.58;7.58;7.5;10.0;1330.0;El Salvador;1330.0;1330.0
383;7.67;7.58;7.67;10.0;442.0;Colombia;442.0;442.0
385;7.67;7.75;7.67;10.0;1600.0;Tanzania, United Republic Of;1600.0;1600.0
386;7.75;7.58;7.58;10.0;1813.0;Colombia;1813.0;1813.0
387;7.83;7.75;7.83;10.0;1219.2;Guatemala;1219.2;1219.2
388;7.83;7.67;7.75;10.0;1500.0;Guatemala;1500.0;1500.0
389;7.42;7.67;7.5;10.0;1310.64;Guatemala;1310.64;1310.64
391;7.5;7.5;7.75;10.0;1450.0;Colombia;1450.0;1450.0
395;7.63;7.25;7.88;10.0;1050.0;Mexico;900.0;1200.0
396;7.58;7.75;7.5;10.0;1650.0;Colombia;1650.0;1650.0
399;7.58;7.5;7.83;10.0;1227.0;Brazil;1227.0;1227.0
400;7.67;7.75;7.75;10.0;1200.0;Mexico;1200.0;1200.0
401;7.83;7.67;7.75;10.0;1650.0;Colombia;1650.0;1650.0
402;7.58;7.75;7.58;10.0;1700.0;Tanzania, United Republic Of;1700.0;1700.0
403;7.67;7.67;7.67;10.0;1100.0;Mexico;1100.0;1100.0
404;7.67;7.67;7.67;10.0;1300.0;Costa Rica;1300.0;1300.0
406;7.5;7.5;7.67;10.0;1200.0;Costa Rica;1100.0;1300.0
408;7.5;7.58;7.5;10.0;1280.16;Haiti;1280.16;1280.16
409;7.67;7.67;7.67;10.0;1000.0;Colombia;1000.0;1000.0
410;7.67;7.83;7.67;10.0;1310.64;Guatemala;1310.64;1310.64
412;7.5;7.75;7.67;10.0;1880.0;Burundi;1880.0;1880.0
413;7.58;7.5;7.67;10.0;1750.0;Colombia;1750.0;1750.0
416;7.83;7.67;7.83;10.0;1600.0;Mexico;1600.0;1600.0
417;7.5;7.5;7.5;10.0;1900.0;Costa Rica;1900.0;1900.0
419;7.83;7.5;7.58;10.0;2100.0;Guatemala;2100.0;2100.0
422;7.17;7.58;7.67;10.0;442.0;Colombia;442.0;442.0
423;7.58;7.83;7.75;10.0;1261.0;Mexico;1261.0;1261.0
424;7.5;7.67;7.5;10.0;1000.0;Taiwan;1000.0;1000.0
425;7.58;7.92;7.83;10.0;800.0;Taiwan;800.0;800.0
426;7.58;7.58;7.58;10.0;1483.0;Colombia;1483.0;1483.0
427;7.67;7.5;7.67;10.0;1500.0;Guatemala;1500.0;1500.0
428;7.33;7.83;7.5;10.0;1750.0;Colombia;1750.0;1750.0
429;7.5;7.58;7.75;10.0;1300.0;Mexico;1300.0;1300.0
432;7.92;7.75;7.75;10.0;1000.0;Mexico;1000.0;1000.0
433;7.83;7.83;7.58;10.0;1310.64;Guatemala;1310.64;1310.64
434;7.58;7.75;7.67;10.0;1200.0;Brazil;1200.0;1200.0
435;7.42;7.67;7.58;10.0;175.0;Colombia;175.0;175.0
436;7.5;7.67;7.67;10.0;1775.0;Colombia;1600.0;1950.0
437;7.42;7.92;7.75;10.0;1700.0;Colombia;1600.0;1800.0
438;7.25;8.0;7.67;10.0;1880.0;Colombia;1880.0;1880.0
439;7.42;7.92;7.75;10.0;1800.0;Colombia;1800.0;1800.0
440;7.58;7.67;7.42;10.0;890.0;Brazil;890.0;890.0
441;7.67;7.58;7.58;10.0;1901.0;Guatemala;1901.0;1901.0
442;7.67;7.67;7.58;10.0;168.0;Tanzania, United Republic Of;168.0;168.0
444;7.33;7.58;7.42;10.0;1550.0;Vietnam;1550.0;1550.0
445;7.75;7.67;7.75;10.0;1500.0;Guatemala;1500.0;1500.0
446;7.67;7.67;7.67;10.0;1450.0;Honduras;1450.0;1450.0
447;7.67;7.5;7.67;10.0;1200.0;China;1200.0;1200.0
448;7.67;7.67;7.67;10.0;1600.0;China;1600.0;1600.0
449;7.67;7.5;7.5;10.0;1350.0;El Salvador;1350.0;1350.0
450;7.83;7.5;7.75;10.0;1500.0;Guatemala;1500.0;1500.0
451;7.75;7.92;7.67;10.0;1650.0;Guatemala;1400.0;1900.0
452;7.75;7.83;7.75;9.33;250.5;Kenya;1.0;500.0
453;7.75;7.67;7.58;10.0;800.0;Thailand;800.0;800.0
454;7.58;7.58;7.67;10.0;1653.0;Tanzania, United Republic Of;1653.0;1653.0
455;7.67;7.58;7.5;10.0;1775.0;Colombia;1600.0;1950.0
456;7.42;8.0;7.67;10.0;1800.0;Uganda;1800.0;1800.0
458;7.67;7.5;7.5;10.0;1450.0;Honduras;1450.0;1450.0
459;7.67;7.67;7.67;10.0;1350.0;Honduras;1350.0;1350.0
460;8.17;7.33;7.83;10.0;1524.0;Guatemala;1524.0;1524.0
462;7.75;7.58;7.5;10.0;1800.0;Tanzania, United Republic Of;1800.0;1800.0
463;7.67;7.67;7.83;10.0;1310.64;Guatemala;1310.64;1310.64
464;7.58;7.75;7.58;10.0;1500.0;Mexico;1500.0;1500.0
465;7.5;7.75;7.67;10.0;532.0;Mexico;532.0;532.0
466;7.67;7.58;7.75;10.0;1089.0;Mexico;1089.0;1089.0
467;7.5;7.67;7.5;10.0;1775.0;Colombia;1600.0;1950.0
468;7.75;7.75;7.5;10.0;700.0;Mexico;700.0;700.0
469;7.58;7.58;7.67;10.0;1750.0;Colombia;1750.0;1750.0
470;7.58;7.5;7.75;10.0;1380.0;Mexico;1380.0;1380.0
471;7.5;7.75;7.67;10.0;1000.0;Brazil;1000.0;1000.0
472;7.58;7.92;7.58;10.0;950.0;Brazil;950.0;950.0
473;7.5;7.75;7.5;9.33;1402.08;Guatemala;1402.08;1402.08
474;7.5;7.75;7.5;10.0;1000.0;Brazil;1000.0;1000.0
475;7.5;7.58;7.75;10.0;900.0;Brazil;900.0;900.0
476;8.08;7.42;7.83;10.0;1200.0;El Salvador;1200.0;1200.0
477;8.08;7.75;8.0;9.33;1850.0;Ethiopia;1850.0;1850.0
478;7.67;7.58;7.67;10.0;1799.0;Colombia;1799.0;1799.0
480;7.5;7.58;7.58;10.0;905.0;Brazil;905.0;905.0
481;7.33;7.33;7.67;10.0;1.0;Brazil;1.0;1.0
482;7.83;7.83;7.92;10.0;750.0;Taiwan;700.0;800.0
484;7.42;7.58;7.83;10.0;1200.0;Brazil;1200.0;1200.0
485;7.67;7.83;7.33;10.0;1300.0;Costa Rica;1200.0;1400.0
487;7.5;7.75;7.75;10.0;1300.0;Taiwan;1300.0;1300.0
489;7.75;7.75;7.67;10.0;1400.0;Mexico;1400.0;1400.0
492;7.58;7.33;7.33;10.0;1775.0;Colombia;1600.0;1950.0
493;7.25;7.83;7.75;10.0;1880.0;Colombia;1880.0;1880.0
494;7.58;7.67;7.58;10.0;1350.0;Indonesia;1300.0;1400.0
496;7.75;7.58;7.5;10.0;890.0;Brazil;890.0;890.0
497;7.67;7.5;7.58;10.0;894.0;Brazil;894.0;894.0
498;7.67;7.5;7.67;10.0;872.0;Brazil;872.0;872.0
499;7.42;7.67;7.58;10.0;1473.0;Uganda;1473.0;1473.0
500;7.58;7.67;7.67;10.0;1645.0;Uganda;1645.0;1645.0
501;7.67;7.67;7.67;10.0;442.0;Colombia;442.0;442.0
502;7.58;7.75;7.67;10.0;1550.0;Vietnam;1550.0;1550.0
503;7.92;7.67;7.75;10.0;1550.0;Guatemala;1300.0;1800.0
504;7.75;7.75;7.67;10.0;1371.6;Guatemala;1371.6;1371.6
505;7.67;7.83;7.67;10.0;1500.0;Guatemala;1500.0;1500.0
506;7.5;7.67;7.67;10.0;1000.0;Brazil;900.0;1100.0
507;7.58;7.92;7.92;10.0;1200.0;Taiwan;1200.0;1200.0
508;7.5;7.83;7.58;10.0;1800.0;Uganda;1800.0;1800.0
509;7.83;7.67;7.5;9.33;853.44;United States (Puerto Rico);853.44;853.44
510;7.83;7.67;7.67;10.0;1500.0;Guatemala;1500.0;1500.0
511;7.58;7.67;7.58;10.0;1200.0;Costa Rica;1100.0;1300.0
512;7.67;7.75;7.58;10.0;1250.0;Brazil;1250.0;1250.0
513;7.5;7.75;7.42;10.0;1775.0;Colombia;1600.0;1950.0
514;7.33;7.83;7.5;10.0;1750.0;Colombia;1750.0;1750.0
515;7.42;7.33;7.67;10.0;1000.0;Colombia;1000.0;1000.0
516;7.67;7.58;7.75;10.0;1000.0;Colombia;1000.0;1000.0
517;7.58;7.5;7.5;10.0;1775.0;Colombia;1600.0;1950.0
518;7.5;7.67;7.58;10.0;750.0;Mexico;750.0;750.0
519;7.58;7.67;7.83;10.0;1200.0;Mexico;1200.0;1200.0
520;7.5;7.5;7.67;10.0;1200.0;Mexico;1200.0;1200.0
522;7.67;7.75;7.58;10.0;1625.0;Colombia;1500.0;1750.0
523;7.58;7.67;7.58;10.0;1750.0;Colombia;1750.0;1750.0
524;7.67;7.5;7.67;10.0;1371.6;Guatemala;1371.6;1371.6
525;7.5;7.67;7.67;10.0;1775.0;Colombia;1600.0;1950.0
527;7.33;7.33;7.67;10.0;1450.0;Colombia;1050.0;1850.0
530;7.67;7.5;7.58;10.0;1800.0;Colombia;1800.0;1800.0
533;7.58;7.67;7.58;10.0;890.0;Brazil;890.0;890.0
534;7.58;7.5;7.5;9.33;1350.0;El Salvador;1350.0;1350.0
535;7.33;7.58;7.67;10.0;1500.0;Colombia;1500.0;1500.0
536;7.67;7.17;7.83;10.0;350.0;Taiwan;350.0;350.0
537;7.5;7.58;7.58;10.0;2000.0;Ethiopia;2000.0;2000.0
538;7.33;7.5;7.58;10.0;775.0;Taiwan;775.0;775.0
539;7.58;7.58;7.58;10.0;1200.0;Philippines;1200.0;1200.0
540;7.42;8.08;7.5;10.0;1600.0;Philippines;1600.0;1600.0
541;7.58;7.83;7.67;10.0;1059.0;Mexico;1059.0;1059.0
542;7.42;7.75;7.67;10.0;1300.0;Mexico;1300.0;1300.0
543;7.83;7.08;7.5;10.0;11000.0;Brazil;11000.0;11000.0
544;7.58;8.0;7.5;10.0;1650.0;Uganda;1400.0;1900.0
545;7.5;7.75;7.58;10.0;1400.0;Uganda;1400.0;1400.0
546;7.58;7.75;7.5;10.0;1500.0;Guatemala;1500.0;1500.0
547;7.5;7.67;7.83;10.0;1500.0;Guatemala;1500.0;1500.0
549;7.33;7.58;7.5;10.0;1900.0;Colombia;1800.0;2000.0
550;7.5;7.75;7.5;10.0;1750.0;Colombia;1750.0;1750.0
551;7.92;7.83;7.75;10.0;1706.88;Guatemala;1658.112;1755.648
552;7.42;7.83;7.67;10.0;1450.0;Colombia;1450.0;1450.0
553;7.25;7.58;7.58;10.0;1248.0;Mexico;1248.0;1248.0
554;7.58;7.67;7.33;10.0;1040.0;Vietnam;1040.0;1040.0
555;7.17;8.0;7.92;10.0;1400.0;Mexico;1400.0;1400.0
557;7.75;7.5;7.75;10.0;1450.0;Colombia;1050.0;1850.0
559;7.58;7.75;7.58;10.0;1754.0;Kenya;1754.0;1754.0
560;7.67;7.5;7.58;10.0;1700.0;Guatemala;1700.0;1700.0
561;7.5;7.67;7.58;10.0;905.0;Brazil;905.0;905.0
562;7.83;7.33;7.67;10.0;1250.0;El Salvador;1250.0;1250.0
563;7.83;7.83;7.92;9.33;1900.0;Rwanda;1900.0;1900.0
564;7.42;7.25;7.58;10.0;1040.0;Vietnam;1040.0;1040.0
565;7.67;7.58;7.58;10.0;1219.2;Guatemala;1219.2;1219.2
566;7.67;7.58;7.83;10.0;900.0;Brazil;900.0;900.0
567;7.58;7.83;7.67;10.0;1600.0;Colombia;1200.0;2000.0
568;7.5;7.42;7.58;10.0;1200.0;United States;1200.0;1200.0
569;7.67;7.67;7.67;10.0;1500.0;Guatemala;1500.0;1500.0
570;7.5;7.5;7.42;10.0;1800.0;Colombia;1800.0;1800.0
571;7.42;7.83;7.5;10.0;1775.0;Colombia;1600.0;1950.0
572;7.25;7.67;7.5;10.0;1400.0;Tanzania, United Republic Of;1400.0;1400.0
573;7.58;7.58;7.67;10.0;1550.0;Mexico;1550.0;1550.0
574;7.75;7.67;7.58;10.0;1250.0;Mexico;1250.0;1250.0
575;7.5;7.67;7.67;10.0;1310.64;Guatemala;1310.64;1310.64
576;7.42;7.58;7.58;10.0;1380.0;Mexico;1380.0;1380.0
577;7.75;7.75;7.58;10.0;1200.0;El Salvador;1200.0;1200.0
578;7.67;7.5;7.58;10.0;1100.0;Guatemala;1100.0;1100.0
579;7.58;7.58;7.67;10.0;1800.0;Guatemala;1800.0;1800.0
580;7.67;7.5;7.67;10.0;1700.0;Guatemala;1700.0;1700.0
581;7.58;7.5;7.5;10.0;1219.2;Guatemala;1219.2;1219.2
582;7.67;7.42;7.58;10.0;1219.2;Guatemala;1219.2;1219.2
583;7.58;7.5;7.58;10.0;1500.0;Indonesia;1500.0;1500.0
584;7.58;7.58;7.58;10.0;157.8864;Guatemala;157.8864;157.8864
585;7.67;7.83;7.67;10.0;650.0;Taiwan;650.0;650.0
586;7.33;7.67;7.67;10.0;1250.0;El Salvador;1250.0;1250.0
587;7.67;7.58;7.5;10.0;1850.0;Costa Rica;1850.0;1850.0
588;7.58;7.58;7.5;10.0;1400.0;Honduras;1400.0;1400.0
589;7.5;7.5;7.5;10.0;905.0;Brazil;905.0;905.0
590;7.33;7.67;7.5;10.0;1100.0;China;1100.0;1100.0
591;7.67;7.5;7.67;10.0;1500.0;China;1500.0;1500.0
592;7.75;7.5;7.58;10.0;1775.0;Colombia;1600.0;1950.0
593;7.5;7.75;7.58;10.0;1442.0;Malawi;1442.0;1442.0
594;7.75;7.75;7.42;10.0;1524.0;Guatemala;1524.0;1524.0
595;7.58;7.67;7.42;10.0;165.0;Colombia;165.0;165.0
598;7.33;7.58;7.33;10.0;1300.0;Colombia;1300.0;1300.0
599;7.5;7.58;7.58;10.0;1550.0;Mexico;1550.0;1550.0
600;7.75;7.58;7.58;10.0;1200.0;Mexico;1200.0;1200.0
601;8.0;8.08;8.17;10.0;1200.0;Mexico;1200.0;1200.0
602;7.67;7.5;7.58;10.0;1625.0;Colombia;1400.0;1850.0
603;7.58;7.67;7.58;10.0;1775.0;Colombia;1600.0;1950.0
605;7.58;7.42;7.42;10.0;1100.0;Panama;1100.0;1100.0
607;7.75;7.5;7.58;10.0;890.0;Brazil;890.0;890.0
608;7.67;7.5;7.58;10.0;934.0;Brazil;934.0;934.0
609;7.42;7.67;7.67;10.0;1300.0;Laos;1300.0;1300.0
610;7.67;7.67;7.67;9.33;1200.0;El Salvador;1200.0;1200.0
611;7.75;7.5;7.67;10.0;1300.0;Mexico;1300.0;1300.0
613;7.67;7.58;7.5;10.0;1.0;Brazil;1.0;1.0
615;7.5;7.5;7.5;10.0;1700.0;Tanzania, United Republic Of;1700.0;1700.0
616;7.58;7.58;7.5;10.0;1550.0;Tanzania, United Republic Of;1550.0;1550.0
617;7.42;8.0;7.83;10.0;1200.0;Taiwan;1200.0;1200.0
618;7.5;7.67;7.58;10.0;1296.0;Mexico;1296.0;1296.0
619;7.67;7.67;7.5;10.0;1650.0;Uganda;1400.0;1900.0
620;7.5;7.67;7.5;10.0;1240.0;Taiwan;1240.0;1240.0
621;7.67;7.42;7.5;10.0;1500.0;Thailand;1500.0;1500.0
622;7.25;7.75;7.58;10.0;1800.0;Colombia;1800.0;1800.0
624;7.67;7.67;7.67;10.0;1500.0;Guatemala;1500.0;1500.0
626;7.58;7.58;7.58;10.0;1100.0;Mexico;1100.0;1100.0
627;7.58;7.5;7.58;10.0;950.0;Mexico;950.0;950.0
628;7.42;7.33;7.58;10.0;3850.0;Colombia;1800.0;5900.0
630;7.75;7.75;7.58;10.0;1400.0;Mexico;1400.0;1400.0
631;7.33;8.08;7.67;10.0;1800.0;Colombia;1800.0;1800.0
633;7.75;7.5;7.42;10.0;1219.2;Guatemala;1219.2;1219.2
634;7.42;7.67;7.42;10.0;1050.0;Taiwan;1050.0;1050.0
636;7.08;7.25;7.25;10.0;200.0;Taiwan;200.0;200.0
638;7.33;7.83;7.58;10.0;1250.0;Indonesia;1200.0;1300.0
639;7.67;7.75;7.33;10.0;800.0;Thailand;800.0;800.0
640;7.42;7.42;7.58;10.0;1450.0;Thailand;1400.0;1500.0
641;7.5;7.75;7.42;10.0;1317.0;Tanzania, United Republic Of;1317.0;1317.0
642;7.58;7.83;7.5;10.0;1650.0;Uganda;1400.0;1900.0
643;7.67;7.67;7.42;10.0;1300.0;Costa Rica;1200.0;1400.0
646;7.42;7.75;7.25;10.0;1750.0;Colombia;1750.0;1750.0
647;7.25;7.75;7.5;10.0;1750.0;Colombia;1750.0;1750.0
648;7.58;7.58;7.5;10.0;1750.0;Colombia;1750.0;1750.0
649;7.5;7.5;7.58;10.0;1250.0;Mexico;1250.0;1250.0
650;7.75;7.67;7.58;10.0;1150.0;Mexico;1150.0;1150.0
651;7.42;7.33;7.42;10.0;1775.0;Colombia;1600.0;1950.0
652;7.75;7.58;7.5;10.0;975.0;Brazil;900.0;1050.0
653;7.5;7.5;7.5;10.0;890.0;Brazil;890.0;890.0
654;7.5;7.83;7.75;10.0;1250.0;Indonesia;1250.0;1250.0
655;7.5;7.58;7.58;10.0;1400.0;Honduras;1400.0;1400.0
656;7.5;7.5;7.5;10.0;1219.2;Guatemala;1219.2;1219.2
657;7.75;7.5;7.83;10.0;800.0;Thailand;800.0;800.0
658;7.5;7.33;7.5;10.0;1450.0;Thailand;1400.0;1500.0
659;7.58;7.67;7.42;10.0;1600.0;Tanzania, United Republic Of;1600.0;1600.0
661;7.67;7.42;7.58;10.0;1600.0;Mexico;1500.0;1700.0
662;7.33;7.42;7.5;10.0;1260.0;Brazil;1260.0;1260.0
663;7.67;7.83;7.42;10.0;1310.64;Guatemala;1310.64;1310.64
664;7.42;7.5;7.5;10.0;1750.0;Colombia;1750.0;1750.0
665;7.33;7.83;7.67;10.0;1310.64;Guatemala;1310.64;1310.64
666;7.5;7.5;7.58;10.0;1679.0;Mexico;1679.0;1679.0
667;7.67;7.67;7.5;10.0;1100.0;Mexico;1100.0;1100.0
668;7.58;7.92;7.5;10.0;1650.0;Mexico;1650.0;1650.0
670;7.67;7.67;7.42;10.0;1250.0;Brazil;1250.0;1250.0
671;7.5;7.67;7.5;10.0;1775.0;Colombia;1600.0;1950.0
673;7.67;7.75;7.58;10.0;1600.0;Guatemala;1600.0;1600.0
674;7.58;7.42;7.67;10.0;1500.0;Honduras;1500.0;1500.0
675;7.75;7.58;7.5;10.0;1700.0;Guatemala;1700.0;1700.0
676;7.67;7.67;7.58;10.0;1700.0;Guatemala;1700.0;1700.0
677;7.67;7.58;7.5;10.0;157.8864;Guatemala;157.8864;157.8864
679;7.75;5.08;7.75;10.0;1600.0;Colombia;1600.0;1600.0
680;7.5;7.67;7.42;10.0;1600.0;China;1600.0;1600.0
682;7.42;7.67;7.25;10.0;2285.0;Tanzania, United Republic Of;2285.0;2285.0
683;7.5;7.17;7.83;10.0;1.0;Brazil;1.0;1.0
684;7.67;7.5;7.5;10.0;1400.0;Guatemala;1400.0;1400.0
685;7.58;7.42;7.5;10.0;1296.0;Mexico;1296.0;1296.0
686;7.5;7.58;7.67;10.0;1000.0;Brazil;1000.0;1000.0
688;7.5;7.25;7.33;10.0;1260.0;Brazil;1260.0;1260.0
689;7.92;7.5;7.58;10.0;1170.0;Mexico;1170.0;1170.0
691;7.5;7.67;7.42;10.0;1775.0;Colombia;1600.0;1950.0
692;7.67;7.5;7.42;10.0;1560.0;Mexico;1560.0;1560.0
693;7.42;7.42;7.58;10.0;1400.0;Mexico;1400.0;1400.0
694;7.58;7.42;7.58;10.0;1300.0;Mexico;1300.0;1300.0
695;7.58;7.75;7.33;10.0;1170.0;Mexico;1170.0;1170.0
696;7.5;7.5;7.58;10.0;1300.0;Mexico;1300.0;1300.0
697;7.5;7.58;7.58;10.0;1350.0;Mexico;1350.0;1350.0
698;7.58;7.58;7.33;10.0;1150.0;Mexico;1150.0;1150.0
699;7.42;7.67;7.58;10.0;1250.0;Mexico;1250.0;1250.0
700;7.67;7.83;7.5;10.0;1450.0;Mexico;1450.0;1450.0
701;7.42;7.67;7.33;10.0;442.0;Colombia;442.0;442.0
703;7.58;7.33;7.58;10.0;1750.0;Colombia;1750.0;1750.0
704;7.25;7.58;7.25;10.0;1750.0;Colombia;1750.0;1750.0
705;7.5;7.5;7.58;10.0;1396.0;Honduras;1396.0;1396.0
706;7.33;7.33;7.5;10.0;982.0;Brazil;982.0;982.0
708;7.5;7.5;7.5;10.0;934.0;Brazil;934.0;934.0
709;7.25;7.75;7.5;10.0;1850.0;Costa Rica;1850.0;1850.0
710;7.5;7.75;7.33;10.0;1550.0;Costa Rica;1550.0;1550.0
711;7.5;7.5;7.58;10.0;1580.0;China;1580.0;1580.0
712;8.33;8.25;7.83;10.0;1268.0;Brazil;1268.0;1268.0
714;7.83;7.5;7.42;10.0;1676.4;Guatemala;1676.4;1676.4
715;7.58;7.33;7.58;10.0;1450.0;Malawi;1450.0;1450.0
716;8.08;7.75;8.08;6.67;1100.0;Brazil;1100.0;1100.0
717;7.58;7.58;7.67;10.0;1524.0;Guatemala;1524.0;1524.0
719;7.17;7.42;7.33;10.0;1300.0;Colombia;1300.0;1300.0
720;7.5;7.5;7.5;10.0;200.0;Taiwan;200.0;200.0
721;7.5;7.5;7.5;10.0;600.0;Taiwan;600.0;600.0
722;7.5;7.5;7.42;10.0;1310.64;Guatemala;1310.64;1310.64
723;7.5;7.5;7.42;10.0;1750.0;Colombia;1750.0;1750.0
724;7.5;7.67;7.5;10.0;1300.0;Mexico;1300.0;1300.0
726;7.67;7.67;7.5;10.0;1752.6;Guatemala;1676.4;1828.8
727;7.33;7.58;7.67;10.0;441.0;Mexico;441.0;441.0
728;7.58;7.67;7.58;10.0;1170.0;Mexico;1170.0;1170.0
729;7.5;7.5;7.67;10.0;1310.64;Guatemala;1310.64;1310.64
730;7.5;7.58;7.5;10.0;1100.0;Brazil;1100.0;1100.0
731;7.33;8.0;7.75;10.0;1300.0;Mexico;1200.0;1400.0
732;7.58;7.58;7.58;10.0;950.0;Brazil;950.0;950.0
733;7.25;7.83;7.58;10.0;442.0;Colombia;442.0;442.0
734;7.42;7.58;7.5;10.0;1100.0;Brazil;1100.0;1100.0
736;7.67;7.67;7.5;10.0;1450.0;Guatemala;1450.0;1450.0
737;7.08;7.42;7.67;10.0;1.0;Brazil;1.0;1.0
738;7.67;7.58;7.67;9.33;1500.0;El Salvador;1500.0;1500.0
739;7.58;7.58;7.5;10.0;1350.0;Honduras;1350.0;1350.0
740;7.42;7.58;7.42;10.0;1180.0;Malawi;1180.0;1180.0
741;7.42;7.75;7.58;10.0;1100.0;Brazil;1100.0;1100.0
742;7.5;7.5;7.5;10.0;650.0;Taiwan;650.0;650.0
743;7.42;7.58;7.58;10.0;1338.0;Mexico;1338.0;1338.0
745;7.17;7.58;7.58;10.0;533.0;Mexico;533.0;533.0
746;7.58;7.5;7.5;10.0;1390.8024;Guatemala;1390.8024;1390.8024
747;7.67;7.5;7.58;10.0;1170.0;Mexico;1170.0;1170.0
748;7.5;7.67;7.58;10.0;1250.0;Mexico;1250.0;1250.0
750;7.67;7.33;7.58;10.0;1100.0;Mexico;1100.0;1100.0
751;7.58;7.42;7.5;10.0;900.0;Mexico;900.0;900.0
752;7.33;7.5;7.42;10.0;1750.0;Colombia;1750.0;1750.0
753;7.33;7.67;7.33;10.0;1775.0;Colombia;1600.0;1950.0
756;7.42;7.42;7.42;10.0;934.0;Brazil;934.0;934.0
757;7.42;7.5;7.5;10.0;1500.0;Honduras;1500.0;1500.0
758;7.42;7.5;7.5;10.0;1000.0;Nicaragua;1000.0;1000.0
759;7.33;7.58;7.42;10.0;1650.0;Tanzania, United Republic Of;1500.0;1800.0
760;7.5;7.42;7.42;10.0;1600.0;Tanzania, United Republic Of;1600.0;1600.0
761;7.33;6.92;7.58;10.0;1.0;Brazil;1.0;1.0
762;7.75;7.42;7.42;10.0;800.0;Thailand;800.0;800.0
763;7.42;7.67;7.5;10.0;1350.0;Honduras;1350.0;1350.0
764;7.5;7.42;7.42;10.0;1500.0;Guatemala;1500.0;1500.0
766;7.58;7.75;7.42;10.0;1700.0;Tanzania, United Republic Of;1700.0;1700.0
767;7.42;7.42;7.33;10.0;1100.0;Mexico;1100.0;1100.0
768;7.42;7.5;7.5;10.0;1400.0;Mexico;1200.0;1600.0
769;7.5;7.5;7.5;10.0;1200.0;Taiwan;1200.0;1200.0
770;7.17;7.67;7.5;10.0;800.0;Taiwan;800.0;800.0
771;7.58;7.33;7.25;10.0;1750.0;Colombia;1750.0;1750.0
772;7.5;7.5;7.67;10.0;1144.0;Mexico;1144.0;1144.0
773;7.75;7.25;7.75;9.33;1350.0;Guatemala;1350.0;1350.0
774;7.5;7.5;7.58;10.0;1000.0;Mexico;1000.0;1000.0
775;7.5;7.0;7.67;10.0;1200.0;Mexico;1200.0;1200.0
776;7.17;7.58;7.67;10.0;1800.0;Colombia;1800.0;1800.0
777;7.42;7.5;7.5;10.0;1300.0;Indonesia;1300.0;1300.0
779;7.5;7.42;7.58;10.0;894.0;Brazil;894.0;894.0
780;7.58;7.25;7.25;10.0;1.0;Brazil;1.0;1.0
781;7.25;7.75;7.42;10.0;1300.0;Costa Rica;1200.0;1400.0
782;7.42;7.42;7.33;10.0;1500.0;Tanzania, United Republic Of;1500.0;1500.0
783;7.33;7.42;7.5;10.0;1600.0;Tanzania, United Republic Of;1500.0;1700.0
785;7.33;7.58;7.33;10.0;13.0;Costa Rica;13.0;13.0
787;7.33;7.42;7.58;10.0;1300.0;Mexico;1300.0;1300.0
788;7.5;7.5;7.42;10.0;1800.0;Mexico;1800.0;1800.0
789;7.58;7.67;7.5;10.0;1250.0;Mexico;1250.0;1250.0
790;7.08;7.67;8.0;10.0;1040.0;Vietnam;1040.0;1040.0
791;7.75;7.58;7.42;10.0;1250.0;Mexico;1250.0;1250.0
793;7.33;7.67;7.42;10.0;1600.0;Colombia;1600.0;1600.0
794;7.5;7.5;7.5;10.0;1600.0;Honduras;1600.0;1600.0
795;7.33;7.5;7.5;10.0;1600.0;Honduras;1600.0;1600.0
796;7.5;7.5;7.33;10.0;944.0;Brazil;944.0;944.0
797;7.42;7.67;7.33;10.0;1650.0;Tanzania, United Republic Of;1500.0;1800.0
798;7.33;7.42;7.5;10.0;1250.0;Laos;1250.0;1250.0
799;7.58;7.42;7.42;10.0;1350.0;Tanzania, United Republic Of;1300.0;1400.0
800;7.58;7.5;7.42;10.0;2500.0;Malawi;2500.0;2500.0
801;7.42;7.33;7.5;10.0;600.0;Taiwan;600.0;600.0
802;7.42;7.58;7.5;10.0;800.0;Thailand;800.0;800.0
803;7.33;7.5;7.25;10.0;1300.0;Costa Rica;1200.0;1400.0
804;7.5;7.33;7.33;10.0;1400.0;Honduras;1400.0;1400.0
805;7.5;7.33;7.33;10.0;1900.0;Colombia;1800.0;2000.0
806;7.42;7.42;7.58;10.0;650.0;Taiwan;600.0;700.0
807;7.17;7.33;7.67;10.0;1038.5;Brazil;894.0;1183.0
808;7.5;7.67;7.33;10.0;940.0;Mexico;940.0;940.0
809;7.5;7.42;7.5;10.0;1000.0;Brazil;1000.0;1000.0
810;7.5;7.42;7.5;10.0;1050.0;Brazil;1050.0;1050.0
812;7.5;7.58;7.5;10.0;950.0;Brazil;950.0;950.0
813;7.42;7.75;7.33;9.33;1402.08;Guatemala;1402.08;1402.08
814;7.42;7.33;7.0;10.0;1775.0;Colombia;1600.0;1950.0
815;7.58;7.58;7.5;10.0;1901.0;Guatemala;1901.0;1901.0
816;7.42;7.5;7.5;10.0;1219.2;Guatemala;1219.2;1219.2
817;7.33;7.58;7.5;10.0;1400.0;Honduras;1400.0;1400.0
818;7.5;7.42;7.33;10.0;1020.0;Brazil;1020.0;1020.0
819;7.5;7.67;7.58;9.33;1250.0;El Salvador;1250.0;1250.0
820;7.83;7.58;7.58;10.0;1550.0;Guatemala;1300.0;1800.0
821;7.42;7.33;7.33;10.0;1877.0;Tanzania, United Republic Of;1877.0;1877.0
823;7.33;7.67;7.08;10.0;1250.0;Zambia;1000.0;1500.0
825;7.25;7.5;7.5;10.0;1000.0;Taiwan;1000.0;1000.0
826;7.58;7.58;7.5;10.0;1300.0;Mexico;1300.0;1300.0
827;7.25;7.5;7.5;10.0;981.0;Mexico;981.0;981.0
828;7.5;7.5;7.42;10.0;690.0;Mexico;690.0;690.0
829;7.58;7.33;7.58;10.0;1650.0;Mexico;1650.0;1650.0
830;7.83;7.67;7.42;10.0;1000.0;Mexico;1000.0;1000.0
831;7.5;7.42;7.58;10.0;1100.0;Brazil;1100.0;1100.0
832;7.58;7.67;7.33;10.0;1600.0;Colombia;1600.0;1600.0
833;7.5;7.42;7.5;10.0;157.8864;Guatemala;157.8864;157.8864
834;7.33;7.25;7.33;10.0;1900.0;Costa Rica;1900.0;1900.0
835;7.5;7.42;7.5;10.0;973.0;Brazil;973.0;973.0
836;7.75;7.75;7.83;10.0;1250.0;Indonesia;1250.0;1250.0
837;7.42;7.58;7.5;10.0;3280.0;Guatemala;3280.0;3280.0
838;7.5;7.17;7.58;10.0;1.0;Brazil;1.0;1.0
839;6.92;7.58;7.0;10.0;1.0;Brazil;1.0;1.0
840;7.42;7.33;7.58;10.0;4001.0;Myanmar;4001.0;4001.0
841;7.5;7.58;7.5;10.0;1425.0;Mexico;1350.0;1500.0
842;7.5;7.5;7.5;10.0;1400.0;Honduras;1400.0;1400.0
843;7.25;7.67;7.5;10.0;1300.0;Costa Rica;1200.0;1400.0
844;7.25;7.67;7.33;10.0;700.0;Taiwan;700.0;700.0
845;7.33;7.42;7.42;10.0;1300.0;Indonesia;1300.0;1300.0
846;7.33;7.58;7.42;10.0;1556.0;Malawi;1556.0;1556.0
847;7.17;7.33;7.58;10.0;1100.0;Brazil;1100.0;1100.0
848;7.33;7.5;7.5;10.0;1350.0;Honduras;1350.0;1350.0
849;7.5;7.42;7.42;10.0;1550.0;Mexico;1550.0;1550.0
850;7.42;7.5;7.5;10.0;1775.0;Colombia;1600.0;1950.0
852;7.42;7.75;7.75;9.33;1250.0;Brazil;1250.0;1250.0
853;7.33;7.83;7.67;9.33;1310.64;Guatemala;1310.64;1310.64
854;7.58;7.83;7.33;10.0;1500.0;Mexico;1500.0;1500.0
855;7.5;7.33;7.33;10.0;1250.0;Mexico;1250.0;1250.0
856;7.5;7.33;7.67;10.0;925.0;Brazil;900.0;950.0
857;7.58;7.58;7.5;10.0;1700.0;Colombia;1600.0;1800.0
859;7.42;7.5;7.5;10.0;1700.0;Guatemala;1700.0;1700.0
860;7.5;7.0;7.08;10.0;1040.0;Vietnam;1040.0;1040.0
861;7.42;7.42;7.42;10.0;1600.0;Tanzania, United Republic Of;1500.0;1700.0
863;7.42;7.5;7.5;10.0;774.0;Mexico;774.0;774.0
864;7.67;7.42;7.5;10.0;1250.0;Mexico;1250.0;1250.0
865;7.58;7.42;7.5;10.0;1100.0;Mexico;1100.0;1100.0
866;7.67;7.33;7.42;10.0;1550.0;Mexico;1550.0;1550.0
867;7.33;7.5;7.42;10.0;1650.0;Mexico;1650.0;1650.0
868;7.33;7.33;7.42;10.0;1750.0;Colombia;1750.0;1750.0
869;7.08;7.42;7.58;10.0;1775.0;Colombia;1600.0;1950.0
870;7.5;7.42;7.5;10.0;890.0;Brazil;890.0;890.0
871;7.42;7.42;7.42;10.0;1700.0;Guatemala;1700.0;1700.0
872;7.67;7.42;7.33;10.0;1219.2;Guatemala;1219.2;1219.2
873;7.33;7.58;7.5;10.0;1450.0;Honduras;1450.0;1450.0
874;7.42;7.17;7.33;10.0;1800.0;Tanzania, United Republic Of;1800.0;1800.0
877;7.42;7.25;7.75;10.0;1.0;Brazil;1.0;1.0
878;7.42;7.42;7.33;10.0;1500.0;Tanzania, United Republic Of;1200.0;1800.0
879;7.25;7.33;7.33;10.0;1700.0;Tanzania, United Republic Of;1700.0;1700.0
880;7.5;7.25;7.42;10.0;1260.0;Brazil;1260.0;1260.0
882;7.5;7.5;7.33;10.0;1400.0;Honduras;1400.0;1400.0
883;7.17;7.5;7.17;10.0;1850.0;Costa Rica;1850.0;1850.0
885;7.25;7.5;7.5;10.0;150.0;Taiwan;150.0;150.0
886;7.42;7.58;7.42;10.0;750.0;Taiwan;750.0;750.0
887;7.58;7.5;7.42;10.0;1400.0;Mexico;1400.0;1400.0
888;7.33;7.5;7.67;10.0;1752.6;Guatemala;1676.4;1828.8
889;7.67;7.25;7.67;10.0;1650.0;Mexico;1650.0;1650.0
890;7.75;7.67;7.25;10.0;1400.0;Mexico;1400.0;1400.0
891;7.42;7.5;7.42;10.0;1200.0;Mexico;1200.0;1200.0
892;7.58;7.58;7.42;10.0;1400.0;Mexico;1400.0;1400.0
893;7.17;7.75;7.58;10.0;940.0;Mexico;940.0;940.0
895;7.42;7.5;7.42;10.0;1200.0;Honduras;1200.0;1200.0
896;7.5;7.42;7.42;10.0;190164.0;Guatemala;190164.0;190164.0
897;7.67;7.42;7.42;10.0;800.0;Taiwan;800.0;800.0
898;7.17;7.58;7.42;10.0;13.0;Costa Rica;13.0;13.0
899;7.42;7.42;7.42;10.0;1800.0;Tanzania, United Republic Of;1800.0;1800.0
900;7.58;7.42;7.42;10.0;1100.0;Malawi;1100.0;1100.0
901;7.08;7.33;7.17;9.33;850.0;Taiwan;850.0;850.0
902;7.33;7.42;7.42;10.0;1260.0;Brazil;1260.0;1260.0
903;7.58;7.42;7.33;10.0;1310.64;Guatemala;1310.64;1310.64
904;7.5;7.67;7.5;10.0;1400.0;Mexico;1400.0;1400.0
905;7.5;7.33;7.5;10.0;1600.0;Mexico;1600.0;1600.0
906;7.58;7.67;7.58;8.67;1650.0;Mexico;1650.0;1650.0
907;7.58;7.08;7.33;10.0;1499.9208;Thailand;1499.9208;1499.9208
909;7.33;7.25;7.17;10.0;1600.2;Costa Rica;1371.6;1828.8
910;7.42;7.67;7.58;10.0;1219.2;Guatemala;1219.2;1219.2
911;7.33;7.5;7.42;10.0;1100.0;Nicaragua;1100.0;1100.0
912;7.42;7.5;7.5;10.0;1400.0;Honduras;1400.0;1400.0
914;7.08;7.5;7.42;10.0;180.0;Taiwan;160.0;200.0
915;7.5;7.25;7.42;10.0;1219.2;Myanmar;1219.2;1219.2
916;7.08;7.83;7.33;10.0;1200.0;Costa Rica;1200.0;1200.0
917;7.5;7.67;7.42;10.0;1599.0;Malawi;1599.0;1599.0
918;7.58;7.5;7.42;10.0;1219.2;Guatemala;1219.2;1219.2
919;7.33;7.42;7.33;9.33;900.0;Taiwan;900.0;900.0
920;7.67;7.58;7.5;9.33;1200.0;Brazil;1200.0;1200.0
921;7.42;7.42;7.33;10.0;825.0;Haiti;400.0;1250.0
922;7.25;7.5;7.42;10.0;600.0;Taiwan;600.0;600.0
923;7.42;7.33;7.33;10.0;1150.0;Mexico;1150.0;1150.0
924;7.42;7.58;7.42;10.0;1600.0;Mexico;1600.0;1600.0
925;7.42;7.42;7.25;10.0;1100.0;Mexico;1100.0;1100.0
926;7.33;7.33;7.5;10.0;1000.0;Mexico;1000.0;1000.0
927;7.17;7.42;7.42;10.0;1250.0;Mexico;1250.0;1250.0
928;7.5;7.5;7.5;10.0;1100.0;Mexico;1100.0;1100.0
929;7.33;7.75;7.17;10.0;1400.0;Indonesia;1200.0;1600.0
930;7.42;7.5;7.42;10.0;125.0;Brazil;125.0;125.0
932;7.42;7.42;7.42;10.0;1450.0;Colombia;1050.0;1850.0
934;7.33;7.58;7.33;10.0;1100.0;Mexico;1100.0;1100.0
935;7.58;7.42;7.33;10.0;1371.6;Guatemala;1371.6;1371.6
936;7.33;7.33;7.5;10.0;1100.0;Brazil;1100.0;1100.0
937;7.25;7.5;7.33;10.0;1400.0;Honduras;1400.0;1400.0
938;7.17;7.83;7.75;10.0;110.0;Taiwan;110.0;110.0
939;7.42;7.58;7.17;10.0;1422.0;Malawi;1422.0;1422.0
940;7.17;7.25;7.5;10.0;1100.0;Brazil;1100.0;1100.0
941;7.42;7.42;7.5;10.0;1550.0;Guatemala;1550.0;1550.0
942;7.17;7.67;7.33;10.0;1550.0;Mexico;1550.0;1550.0
944;7.42;7.42;7.33;10.0;1310.64;Guatemala;1310.64;1310.64
945;7.17;7.42;7.33;10.0;763.0;Mexico;763.0;763.0
946;7.25;7.42;7.42;10.0;1100.0;Mexico;1100.0;1100.0
947;7.17;7.5;7.42;10.0;1750.0;Colombia;1750.0;1750.0
948;7.0;7.75;7.33;10.0;1880.0;Colombia;1880.0;1880.0
951;7.17;7.5;7.5;10.0;1500.0;Honduras;1500.0;1500.0
952;7.42;7.67;7.42;10.0;1130.0;Mexico;1130.0;1130.0
953;7.33;7.25;7.33;10.0;1100.0;Brazil;1100.0;1100.0
954;7.42;7.58;7.42;10.0;1350.0;Honduras;1350.0;1350.0
955;7.25;7.17;7.33;10.0;1200.0;Brazil;1200.0;1200.0
956;7.33;7.08;7.33;10.0;1400.0;Philippines;1400.0;1400.0
957;7.33;7.75;7.33;10.0;1200.0;Malawi;1200.0;1200.0
958;7.33;7.33;7.33;10.0;1450.0;Honduras;1450.0;1450.0
959;7.33;7.58;7.42;10.0;1800.0;Mexico;1800.0;1800.0
960;7.42;7.33;7.25;10.0;1000.0;Mexico;1000.0;1000.0
961;7.5;7.5;7.58;9.33;1100.0;Brazil;1100.0;1100.0
962;7.83;7.83;7.75;10.0;680.0;Taiwan;680.0;680.0
963;7.08;7.17;7.42;10.0;1.0;Brazil;1.0;1.0
964;7.17;7.08;7.5;10.0;1100.0;Nicaragua;1100.0;1100.0
965;7.5;7.42;7.17;10.0;1400.0;Honduras;1400.0;1400.0
966;7.25;7.33;7.42;10.0;1700.0;Guatemala;1700.0;1700.0
967;7.5;7.33;7.17;10.0;1700.0;Tanzania, United Republic Of;1700.0;1700.0
968;7.25;7.5;7.5;10.0;650.0;Taiwan;650.0;650.0
969;7.58;7.5;7.33;10.0;1524.0;Guatemala;1524.0;1524.0
970;7.33;7.42;7.42;10.0;1500.0;Mexico;1500.0;1500.0
971;7.17;7.33;7.5;10.0;1200.0;Nicaragua;1200.0;1200.0
972;7.33;7.67;7.17;10.0;1050.0;Tanzania, United Republic Of;100.0;2000.0
973;7.25;7.75;7.58;10.0;1200.0;Mexico;1200.0;1200.0
974;7.17;7.5;7.5;10.0;1300.0;Costa Rica;1200.0;1400.0
975;7.42;7.42;7.33;10.0;1450.0;Honduras;1450.0;1450.0
976;7.17;6.83;7.42;10.0;1450.0;Thailand;1400.0;1500.0
977;7.08;7.25;7.25;10.0;1200.0;Philippines;1200.0;1200.0
978;7.33;7.58;7.17;10.0;1550.0;Tanzania, United Republic Of;1550.0;1550.0
979;7.08;7.58;7.25;10.0;995.0;Malawi;990.0;1000.0
980;7.25;7.33;7.08;10.0;1300.0;Costa Rica;1200.0;1400.0
982;7.75;7.42;7.25;10.0;1800.0;Mexico;1800.0;1800.0
983;7.25;7.42;7.25;10.0;1450.0;Guatemala;1450.0;1450.0
984;7.42;7.42;7.33;10.0;1000.0;Brazil;1000.0;1000.0
987;7.25;7.58;7.42;9.33;695.0;Brazil;695.0;695.0
988;7.42;7.33;7.33;10.0;1100.0;Nicaragua;1100.0;1100.0
989;7.42;7.42;7.17;10.0;1706.88;United States;1706.88;1706.88
990;7.25;7.42;7.33;10.0;1456.0;Tanzania, United Republic Of;1456.0;1456.0
991;7.25;7.42;7.25;10.0;1500.0;Costa Rica;1500.0;1500.0
992;7.58;7.67;7.75;10.0;853.44;United States (Puerto Rico);853.44;853.44
993;7.33;7.25;7.42;10.0;1650.0;Mexico;1650.0;1650.0
994;7.42;7.33;7.25;10.0;1300.0;Mexico;1300.0;1300.0
995;7.42;7.33;7.33;10.0;1642.0;Mexico;1642.0;1642.0
996;7.42;7.42;7.33;10.0;1200.0;Mexico;1200.0;1200.0
999;7.33;7.42;7.08;10.0;1450.0;El Salvador;1450.0;1450.0
1001;7.5;7.42;7.25;10.0;3280.0;Guatemala;3280.0;3280.0
1002;5.25;7.67;7.5;10.0;1600.0;Colombia;1600.0;1600.0
1003;7.25;7.5;7.25;10.0;1219.2;Guatemala;1219.2;1219.2
1004;7.25;7.25;7.17;10.0;758.0;Taiwan;758.0;758.0
1005;7.33;7.42;7.25;10.0;1350.0;Honduras;1350.0;1350.0
1007;7.42;7.33;7.33;10.0;1525.0;Tanzania, United Republic Of;1525.0;1525.0
1008;7.33;7.33;6.92;10.0;1700.0;Uganda;1700.0;1700.0
1009;7.33;7.5;6.92;10.0;1100.0;Taiwan;1100.0;1100.0
1010;7.42;7.33;7.42;10.0;800.0;Thailand;800.0;800.0
1011;7.33;7.08;7.33;10.0;950.0;Mexico;950.0;950.0
1012;7.67;7.58;7.67;10.0;1100.0;Mexico;1100.0;1100.0
1013;7.33;7.33;7.17;10.0;200.0;Taiwan;200.0;200.0
1014;7.58;7.67;7.67;9.33;1901.0;Guatemala;1901.0;1901.0
1015;7.5;7.17;7.58;10.0;1600.0;Kenya;1600.0;1600.0
1016;7.42;7.5;7.33;10.0;1100.0;Mexico;1100.0;1100.0
1017;7.58;7.17;7.42;10.0;1066.8;Myanmar;1066.8;1066.8
1019;7.25;7.33;7.17;10.0;1700.0;Tanzania, United Republic Of;1700.0;1700.0
1020;7.25;7.25;7.33;10.0;1200.0;Brazil;1200.0;1200.0
1021;7.08;7.92;7.67;10.0;550.0;Taiwan;550.0;550.0
1022;7.25;7.17;7.42;10.0;1100.0;Brazil;1100.0;1100.0
1023;7.0;7.33;7.08;10.0;1050.0;Nicaragua;700.0;1400.0
1024;7.5;7.58;7.42;10.0;1524.0;Guatemala;1524.0;1524.0
1025;7.25;7.42;7.25;10.0;900.0;Taiwan;900.0;900.0
1026;7.08;7.25;7.17;10.0;688.0;Taiwan;688.0;688.0
1027;7.25;7.42;7.25;10.0;300.0;Taiwan;300.0;300.0
1028;7.5;7.58;7.33;10.0;1186.0;Mexico;1186.0;1186.0
1030;7.17;7.42;7.33;10.0;1300.0;Laos;1300.0;1300.0
1031;7.33;7.67;7.25;10.0;1200.0;Guatemala;1200.0;1200.0
1032;7.42;7.17;7.08;10.0;1210.0;Mexico;1210.0;1210.0
1033;7.33;7.33;7.25;10.0;1100.0;Mexico;1100.0;1100.0
1034;7.25;7.5;7.17;10.0;100.0;Mexico;100.0;100.0
1036;6.83;7.33;7.33;10.0;1800.0;Colombia;1800.0;1800.0
1038;7.58;6.92;7.5;10.0;3825.0;Myanmar;3825.0;3825.0
1039;7.42;7.5;7.33;10.0;1706.88;Guatemala;1658.112;1755.648
1040;7.25;7.25;7.25;10.0;110000.0;Nicaragua;110000.0;110000.0
1041;7.42;7.5;7.33;10.0;1450.0;Honduras;1450.0;1450.0
1042;7.33;7.25;7.33;10.0;1680.0;Panama;1680.0;1680.0
1043;7.42;7.42;7.17;10.0;1350.0;Honduras;1350.0;1350.0
1044;7.5;7.25;7.33;10.0;1450.0;Honduras;1450.0;1450.0
1045;7.25;7.33;7.33;10.0;1300.0;Costa Rica;1300.0;1300.0
1046;7.25;7.58;7.33;10.0;1200.0;Mexico;1200.0;1200.0
1047;7.25;7.42;7.0;10.0;1000.0;Haiti;1000.0;1000.0
1050;7.67;7.58;7.42;10.0;1350.0;Indonesia;1200.0;1500.0
1051;7.17;7.67;7.42;10.0;1500.0;Guatemala;1500.0;1500.0
1052;7.67;7.83;7.5;10.0;185.0;Costa Rica;185.0;185.0
1053;7.17;7.5;7.25;10.0;995.0;Malawi;990.0;1000.0
1054;7.25;7.25;7.17;10.0;1200.0;Mexico;1200.0;1200.0
1055;7.67;7.67;7.5;6.67;1550.0;Colombia;1550.0;1550.0
1056;7.5;7.67;7.17;10.0;1550.0;Guatemala;1550.0;1550.0
1062;7.33;7.25;7.08;10.0;1400.0;Tanzania, United Republic Of;1400.0;1400.0
1063;7.0;7.42;7.25;10.0;1200.0;Brazil;1200.0;1200.0
1064;7.42;7.5;7.17;10.0;1400.0;Honduras;1400.0;1400.0
1065;7.5;7.17;7.42;10.0;1383.7920000000001;Guatemala;1383.7920000000001;1383.7920000000001
1068;7.42;7.17;7.17;10.0;50.0;Taiwan;50.0;50.0
1069;7.17;7.33;7.25;10.0;1500.0;Guatemala;1500.0;1500.0
1070;7.17;7.58;7.33;10.0;1650.0;Honduras;1650.0;1650.0
1071;7.17;7.25;7.25;10.0;280.0;Mauritius;280.0;280.0
1072;7.5;7.25;7.33;10.0;1250.0;Brazil;1250.0;1250.0
1073;7.42;7.17;7.33;10.0;3800.0;Myanmar;3800.0;3800.0
1074;7.5;7.5;7.17;10.0;1219.2;Guatemala;1219.2;1219.2
1075;7.33;7.42;7.42;10.0;1250.0;Brazil;1250.0;1250.0
1077;7.67;7.5;7.5;10.0;1859.28;Guatemala;1859.28;1859.28
1078;7.33;7.25;7.25;10.0;1450.0;Mexico;1450.0;1450.0
1079;7.42;7.25;7.42;10.0;1450.0;Honduras;1450.0;1450.0
1080;7.17;7.58;7.17;10.0;600.0;Taiwan;600.0;600.0
1081;7.08;7.33;7.17;10.0;1450.0;El Salvador;1450.0;1450.0
1082;7.17;7.25;7.08;10.0;1700.0;China;1700.0;1700.0
1083;7.25;7.25;7.25;10.0;600.0;Taiwan;600.0;600.0
1084;7.5;6.92;7.17;10.0;1050.0;Mexico;1050.0;1050.0
1085;7.33;7.42;7.08;10.0;1550.0;Mexico;1550.0;1550.0
1086;7.33;7.08;7.25;10.0;1700.0;Burundi;1700.0;1700.0
1087;7.25;7.25;7.17;10.0;1700.0;Tanzania, United Republic Of;1700.0;1700.0
1089;7.25;7.25;7.25;10.0;600.0;Taiwan;600.0;600.0
1090;7.5;7.33;7.33;10.0;1310.64;Guatemala;1310.64;1310.64
1091;7.33;7.25;7.08;10.0;940.0;Mexico;940.0;940.0
1094;7.08;7.17;7.33;10.0;995.0;Brazil;995.0;995.0
1095;7.0;7.25;7.25;10.0;1400.0;Honduras;1400.0;1400.0
1096;7.33;7.25;7.17;10.0;1600.0;Mexico;1600.0;1600.0
1097;7.33;8.0;7.08;10.0;914.4;Myanmar;914.4;914.4
1098;7.0;7.42;7.0;10.0;4287.0;Myanmar;4287.0;4287.0
1099;7.25;7.08;6.92;10.0;900.0;Nicaragua;900.0;900.0
1102;7.25;7.25;7.08;10.0;700.0;Taiwan;700.0;700.0
1103;7.33;7.0;7.17;10.0;1400.0;Guatemala;1400.0;1400.0
1104;7.25;7.58;7.33;10.0;808.0;Mexico;808.0;808.0
1105;7.58;7.42;7.25;10.0;1550.0;Vietnam;1550.0;1550.0
1106;7.33;7.17;7.08;10.0;1187.5;Nicaragua;1100.0;1275.0
1107;7.17;7.25;7.25;10.0;1400.0;Honduras;1400.0;1400.0
1108;7.17;7.33;7.33;10.0;1310.64;Guatemala;1310.64;1310.64
1109;7.42;7.33;7.08;10.0;1250.0;Mexico;1250.0;1250.0
1110;7.5;7.58;7.42;10.0;1550.0;Mexico;1550.0;1550.0
1111;7.08;7.33;7.33;10.0;1000.0;Mexico;1000.0;1000.0
1112;7.33;7.33;7.33;10.0;1310.64;Guatemala;1310.64;1310.64
1114;7.17;7.17;7.17;10.0;1100.0;Brazil;1100.0;1100.0
1115;7.17;7.42;7.25;10.0;850.0;Taiwan;850.0;850.0
1117;7.25;7.25;7.25;10.0;200.0;Taiwan;200.0;200.0
1118;7.0;7.25;7.25;10.0;150.0;Taiwan;150.0;150.0
1119;7.08;7.25;7.25;10.0;250.0;Taiwan;250.0;250.0
1120;7.08;7.33;7.17;10.0;1300.0;Mexico;1300.0;1300.0
1121;7.17;7.25;7.08;10.0;1300.0;Mexico;1300.0;1300.0
1122;7.08;7.33;7.08;10.0;1250.0;Nicaragua;1250.0;1250.0
1123;7.42;7.17;7.33;10.0;3845.0;Myanmar;3845.0;3845.0
1124;7.5;7.58;7.75;10.0;1400.0;Mexico;1300.0;1500.0
1125;7.0;7.25;7.25;10.0;250.0;Taiwan;250.0;250.0
1126;7.42;7.33;6.67;10.0;800.0;Thailand;800.0;800.0
1127;7.17;7.25;7.25;10.0;1250.0;Mexico;1250.0;1250.0
1128;7.33;7.08;7.33;10.0;1100.0;Mexico;1100.0;1100.0
1132;7.33;7.33;7.08;10.0;1300.0;Mexico;1300.0;1300.0
1133;7.25;7.17;7.17;10.0;1100.0;Mexico;1100.0;1100.0
1134;7.17;7.5;7.17;10.0;1100.0;Mexico;1100.0;1100.0
1135;7.08;7.17;7.08;10.0;1100.0;Mexico;1100.0;1100.0
1136;7.42;7.33;7.25;10.0;1250.0;Mexico;1250.0;1250.0
1137;7.58;7.17;7.33;10.0;1250.0;Mexico;1250.0;1250.0
1139;7.17;7.0;7.08;10.0;1500.0;Kenya;1500.0;1500.0
1140;7.33;7.33;7.25;10.0;1700.0;Guatemala;1700.0;1700.0
1141;6.92;6.83;7.17;10.0;1250.0;Nicaragua;1250.0;1250.0
1142;7.25;7.17;7.08;10.0;1300.0;Mexico;1300.0;1300.0
1144;7.58;7.5;7.42;9.33;190164.0;Guatemala;190164.0;190164.0
1145;7.33;7.75;7.33;8.67;1000.0;Taiwan;800.0;1200.0
1146;7.0;7.08;7.08;10.0;600.0;Taiwan;500.0;700.0
1147;7.5;7.25;7.08;10.0;800.0;Thailand;800.0;800.0
1149;7.75;7.58;7.5;10.0;1100.0;Costa Rica;1100.0;1100.0
1150;7.0;7.58;7.08;10.0;1400.0;Mexico;1400.0;1400.0
1151;7.58;7.58;7.08;10.0;1022.0;Mexico;1022.0;1022.0
1152;7.17;7.25;7.08;10.0;1300.0;Mexico;1300.0;1300.0
1153;7.08;7.25;7.17;10.0;1450.0;Mexico;1450.0;1450.0
1154;7.08;7.33;7.25;10.0;1050.0;Mexico;1050.0;1050.0
1156;7.08;7.25;6.83;10.0;1100.0;Mexico;1100.0;1100.0
1157;7.58;7.42;7.42;9.33;1219.2;Guatemala;1219.2;1219.2
1158;6.83;7.25;7.08;10.0;1250.0;El Salvador;1250.0;1250.0
1159;7.42;6.92;7.17;10.0;800.0;Thailand;800.0;800.0
1160;7.08;7.5;7.0;10.0;1310.64;Guatemala;1310.64;1310.64
1161;7.58;7.42;7.25;10.0;1400.0;Mexico;1400.0;1400.0
1162;6.75;7.33;7.17;10.0;975.0;Mexico;975.0;975.0
1163;7.17;6.92;7.17;10.0;1264.0;Mexico;1264.0;1264.0
1165;7.33;7.08;7.0;10.0;1250.0;Mexico;1250.0;1250.0
1166;7.33;7.25;6.92;10.0;1550.0;Mexico;1550.0;1550.0
1167;6.75;7.25;7.17;10.0;1800.0;Colombia;1800.0;1800.0
1168;7.33;7.08;7.0;10.0;1325.88;Guatemala;1066.8;1584.96
1169;7.42;6.92;6.92;10.0;1050.0;Nicaragua;1050.0;1050.0
1170;7.0;6.92;7.0;10.0;700.0;Taiwan;700.0;700.0
1171;7.42;7.83;7.5;10.0;1550.0;Colombia;1550.0;1550.0
1172;7.25;7.25;7.08;10.0;1550.0;Mexico;1550.0;1550.0
1173;7.25;7.25;7.33;10.0;1100.0;Mexico;1100.0;1100.0
1174;7.58;7.08;7.33;9.33;1219.2;Guatemala;1219.2;1219.2
1175;7.0;7.25;7.33;10.0;1219.2;Guatemala;1219.2;1219.2
1176;7.42;7.0;6.83;10.0;800.0;Mexico;800.0;800.0
1177;7.0;7.42;7.25;10.0;200.0;Cote d?Ivoire;200.0;200.0
1178;7.25;7.42;7.25;10.0;1200.0;Colombia;1200.0;1200.0
1179;7.33;7.0;7.0;10.0;950.0;Mexico;950.0;950.0
1180;7.17;7.42;7.17;10.0;750.0;Mexico;750.0;750.0
1182;7.25;7.08;6.83;10.0;850.0;Taiwan;850.0;850.0
1183;7.17;7.0;7.0;10.0;1000.0;Mexico;1000.0;1000.0
1184;7.42;7.33;7.42;9.33;1219.2;Guatemala;1219.2;1219.2
1185;6.92;7.58;7.0;10.0;1650.0;Honduras;1650.0;1650.0
1186;7.42;7.08;7.0;10.0;1320.0;Guatemala;1320.0;1320.0
1187;7.25;7.25;7.17;10.0;1550.0;Guatemala;1300.0;1800.0
1189;7.08;7.25;7.08;10.0;1550.0;Mexico;1550.0;1550.0
1190;7.08;7.17;6.92;10.0;1450.0;Mexico;1450.0;1450.0
1191;7.25;6.75;6.75;10.0;1200.0;Mexico;1200.0;1200.0
1192;7.42;7.58;7.67;8.67;1700.0;Guatemala;1700.0;1700.0
1193;7.33;7.42;7.08;10.0;853.44;United States (Puerto Rico);853.44;853.44
1194;7.25;7.33;7.0;10.0;1500.0;Mexico;1500.0;1500.0
1195;7.33;7.25;7.08;10.0;1100.0;Mexico;1100.0;1100.0
1196;7.17;7.17;7.25;10.0;1200.0;Mexico;1200.0;1200.0
1198;7.42;7.33;7.17;10.0;1219.2;Guatemala;1219.2;1219.2
1199;7.0;7.0;7.0;10.0;1350.0;Honduras;1350.0;1350.0
1200;7.25;7.67;7.17;9.33;1400.0;Peru;1400.0;1400.0
1201;7.25;6.75;7.08;10.0;1300.0;Mexico;1300.0;1300.0
1202;7.5;7.5;7.17;10.0;1550.0;Mexico;1550.0;1550.0
1203;7.25;7.17;6.83;10.0;12.0;Mexico;12.0;12.0
1204;7.08;7.33;7.0;10.0;1300.0;Mexico;1300.0;1300.0
1205;7.08;7.5;7.0;10.0;1400.0;Mexico;1400.0;1400.0
1206;7.0;7.17;7.0;10.0;1100.0;Nicaragua;1100.0;1100.0
1208;7.25;7.33;7.08;10.0;1310.64;Guatemala;1310.64;1310.64
1209;7.0;7.25;6.83;10.0;1320.0;Mexico;1320.0;1320.0
1210;7.25;7.25;7.33;10.0;1250.0;Mexico;1250.0;1250.0
1211;7.33;7.67;7.17;8.67;1350.0;Mexico;1350.0;1350.0
1212;7.17;7.0;6.92;9.33;1850.0;China;1850.0;1850.0
1213;7.25;6.92;6.92;10.0;1150.0;Mexico;1150.0;1150.0
1216;7.58;7.33;7.17;10.0;1219.2;Guatemala;1219.2;1219.2
1217;7.25;6.83;6.75;10.0;800.0;Taiwan;800.0;800.0
1218;7.33;7.0;7.0;10.0;1400.0;Mexico;1400.0;1400.0
1219;7.92;7.92;7.58;10.0;1300.0;Mexico;1300.0;1300.0
1221;6.92;7.25;6.75;10.0;1600.0;Mexico;1600.0;1600.0
1222;7.0;7.08;6.83;10.0;1400.0;Mexico;1400.0;1400.0
1223;6.83;7.25;7.17;10.0;1200.0;Mexico;1200.0;1200.0
1225;7.17;7.58;7.17;10.0;1500.0;Mexico;1500.0;1500.0
1227;7.0;7.17;6.5;10.0;1219.2;Guatemala;1219.2;1219.2
1228;7.17;7.17;7.17;10.0;1310.64;Guatemala;1310.64;1310.64
1229;7.5;7.25;7.25;10.0;1300.0;Mexico;1300.0;1300.0
1233;6.92;6.92;6.83;10.0;1300.0;Indonesia;1300.0;1300.0
1234;7.25;7.08;6.83;10.0;1050.0;Mexico;1050.0;1050.0
1235;7.17;7.5;7.08;10.0;650.0;Taiwan;650.0;650.0
1236;7.0;6.83;7.0;10.0;1350.0;Honduras;1350.0;1350.0
1238;7.33;7.42;7.25;9.33;1219.2;Guatemala;1219.2;1219.2
1239;7.08;7.33;7.17;9.33;1200.0;China;1200.0;1200.0
1240;7.17;7.0;6.83;10.0;1310.64;Guatemala;1310.64;1310.64
1241;7.0;7.25;7.33;8.0;850.0;Mexico;850.0;850.0
1243;7.0;7.5;7.25;10.0;1200.0;Costa Rica;1200.0;1200.0
1244;7.0;7.42;7.25;10.0;1248.0;Mexico;1248.0;1248.0
1246;7.17;7.42;7.0;10.0;1000.0;Nicaragua;1000.0;1000.0
1248;7.17;7.0;6.83;10.0;1310.64;Guatemala;1310.64;1310.64
1249;7.33;7.17;6.75;10.0;775.0;Taiwan;750.0;800.0
1251;6.75;7.17;6.75;10.0;1300.0;Mexico;1300.0;1300.0
1252;7.0;7.08;6.92;10.0;1310.64;Guatemala;1310.64;1310.64
1253;7.58;7.5;7.33;10.0;890.0;Brazil;890.0;890.0
1254;7.17;7.33;7.0;9.33;1219.2;Guatemala;1219.2;1219.2
1255;7.0;7.33;7.0;10.0;1500.0;Mexico;1500.0;1500.0
1256;6.75;6.83;6.83;10.0;825.0;Haiti;400.0;1250.0
1258;7.25;7.08;7.0;10.0;1200.0;Mexico;1200.0;1200.0
1259;7.67;7.42;7.75;9.33;1200.0;Peru;900.0;1500.0
1261;6.83;6.67;6.33;10.0;1200.0;Mexico;1200.0;1200.0
1263;7.0;7.17;6.58;10.0;1100.0;Mexico;1100.0;1100.0
1264;7.5;7.5;7.0;8.67;1310.64;Guatemala;1310.64;1310.64
1268;7.08;7.42;7.0;10.0;1400.0;Mexico;1400.0;1400.0
1269;6.08;7.33;7.0;9.33;3500.0;Indonesia;3500.0;3500.0
1270;7.17;7.08;6.83;10.0;1250.0;Mexico;1250.0;1250.0
1271;6.83;6.83;6.83;10.0;1350.0;Honduras;1350.0;1350.0
1272;6.92;6.83;6.5;9.33;1000.0;Philippines;1000.0;1000.0
1274;7.58;7.92;7.58;8.0;1310.64;Guatemala;1310.64;1310.64
1276;7.0;7.5;7.25;10.0;1100.0;Mexico;1100.0;1100.0
1277;6.83;7.17;6.92;10.0;1200.0;Mexico;1200.0;1200.0
1278;7.08;7.25;6.83;10.0;1100.0;Mexico;1100.0;1100.0
1279;7.17;7.17;7.17;10.0;1280.0;Mexico;1280.0;1280.0
1280;6.92;7.0;6.92;10.0;850.0;Mexico;850.0;850.0
1281;7.0;7.08;6.75;10.0;1500.0;Mexico;1500.0;1500.0
1282;7.25;7.33;6.75;10.0;1250.0;Mexico;1250.0;1250.0
1285;7.5;7.08;7.0;10.0;1700.0;Mexico;1700.0;1700.0
1287;7.5;6.5;6.33;8.67;1310.64;Guatemala;1310.64;1310.64
1288;6.83;7.0;6.58;10.0;1140.0;Mexico;1140.0;1140.0
1289;7.33;6.92;6.42;10.0;1200.0;Mexico;1200.0;1200.0
1290;7.58;7.67;7.0;10.0;1250.0;Mexico;1250.0;1250.0
1293;7.17;7.0;7.17;8.0;1350.0;Honduras;1350.0;1350.0
1294;7.08;7.08;7.08;8.0;1200.0;Mexico;1200.0;1200.0
1297;7.17;6.92;6.75;8.67;1020.0;Haiti;640.0;1400.0
1298;6.83;6.33;6.5;10.0;1200.0;Costa Rica;1200.0;1200.0
1299;6.92;6.92;6.92;10.0;800.0;Mexico;800.0;800.0
1300;7.17;6.5;6.67;10.0;1800.0;Mexico;1800.0;1800.0
1301;6.92;6.92;7.0;10.0;1000.0;Mexico;1000.0;1000.0
1303;6.67;6.67;6.5;8.0;1450.0;Honduras;1450.0;1450.0
1304;6.67;7.0;6.17;8.0;1450.0;Honduras;1450.0;1450.0
1305;6.5;7.0;6.33;8.0;1450.0;Honduras;1450.0;1450.0
1306;7.42;7.08;6.83;10.0;900.0;Mexico;900.0;900.0
1307;6.67;6.75;6.58;6.0;350.0;Haiti;350.0;350.0
1308;6.25;7.25;6.58;6.0;1100.0;Nicaragua;1100.0;1100.0
1309;7.67;7.5;6.67;1.33;1417.32;Guatemala;1417.32;1417.32
