,Acidity,Aroma,Flavor,Sweetness,altitude_mean_meters,Country,altitude_low_meters,altitude_high_meters,TotalCupPoints
0,8.75,8.67,8.83,10.0,2075.0,Ethiopia,1950.0,2200.0,90.58
1,8.58,8.75,8.67,10.0,2075.0,Ethiopia,1950.0,2200.0,89.92
2,8.42,8.42,8.5,10.0,1700.0,Guatemala,1600.0,1800.0,89.75
3,8.42,8.17,8.58,10.0,2000.0,Ethiopia,1800.0,2200.0,89.0
4,8.5,8.25,8.5,10.0,2075.0,Ethiopia,1950.0,2200.0,88.83
7,8.42,8.25,8.33,9.33,1635.0,Ethiopia,1570.0,1700.0,88.67
8,8.42,8.67,8.67,9.33,1635.0,Ethiopia,1570.0,1700.0,88.42
9,8.5,8.08,8.58,10.0,1822.5,Ethiopia,1795.0,1850.0,88.25
10,8.5,8.17,8.67,10.0,1905.0,Ethiopia,1855.0,1955.0,88.08
11,8.33,8.25,8.42,10.0,1872.0,United States,1872.0,1872.0,87.92
12,8.42,8.08,8.67,10.0,1943.0,United States,1943.0,1943.0,87.92
13,8.25,8.33,8.42,10.0,609.6,United States (Hawaii),609.6,609.6,87.92
14,8.25,8.25,8.33,9.33,1635.0,Ethiopia,1570.0,1700.0,87.83
15,8.17,8.0,8.5,10.0,2080.0,United States,2080.0,2080.0,87.58
16,7.75,8.33,8.25,10.0,1500.0,Indonesia,1200.0,1800.0,87.42
18,8.17,8.42,8.25,10.0,1450.0,China,1450.0,1450.0,87.25
19,8.17,8.17,8.17,10.0,1850.0,Ethiopia,1700.0,2000.0,87.25
20,8.5,8.0,8.25,10.0,2019.0,United States,2019.0,2019.0,87.25
21,8.17,8.08,8.25,10.0,1300.0,Costa Rica,1300.0,1300.0,87.17
22,8.0,8.17,8.25,10.0,1320.0,Mexico,1320.0,1320.0,87.17
23,8.17,8.25,8.33,10.0,2112.0,United States,2112.0,2112.0,87.08
25,8.0,8.5,8.5,10.0,1250.0,Brazil,1250.0,1250.0,86.92
27,8.17,8.42,8.17,10.0,1950.0,Uganda,1950.0,1950.0,86.83
28,8.0,8.17,8.08,10.0,1400.0,Honduras,1400.0,1400.0,86.67
29,8.25,8.0,8.0,10.0,1200.0,Taiwan,1200.0,1200.0,86.58
32,7.75,8.5,8.17,10.0,1300.0,Brazil,1300.0,1300.0,86.42
33,8.08,8.17,7.83,10.0,1300.0,Costa Rica,1300.0,1300.0,86.33
34,8.0,8.0,8.08,10.0,1775.0,Ethiopia,1750.0,1800.0,86.25
35,8.25,8.08,8.0,10.0,1800.0,Kenya,1800.0,1800.0,86.25
39,8.0,7.67,8.17,10.0,1941.0,United States,1941.0,1941.0,86.17
40,8.25,7.83,8.33,10.0,1300.0,Thailand,1300.0,1300.0,86.17
41,7.75,8.17,7.92,10.0,12.0,Brazil,12.0,12.0,86.17
42,7.75,8.42,7.92,10.0,12.0,Brazil,12.0,12.0,86.17
43,8.08,8.08,8.17,10.0,1000.0,Taiwan,1000.0,1000.0,86.08
44,8.0,8.08,8.08,10.0,1754.0,Kenya,1754.0,1754.0,86.08
45,8.0,8.33,8.0,10.0,1250.0,Brazil,1250.0,1250.0,86.08
47,8.08,7.75,7.92,10.0,1200.0,Colombia,900.0,1500.0,86.0
48,8.5,7.92,8.17,10.0,1860.0,Kenya,1520.0,2200.0,86.0
49,8.08,8.25,8.0,10.0,1650.0,Uganda,1400.0,1900.0,86.0
50,8.25,7.75,8.08,10.0,1750.0,Ethiopia,1500.0,2000.0,86.0
51,8.0,8.33,8.17,10.0,426.72,United States (Hawaii),426.72,426.72,86.0
53,8.08,8.17,8.17,10.0,1650.0,Uganda,1400.0,1900.0,85.92
54,8.17,8.0,8.0,10.0,1800.0,Colombia,1800.0,1800.0,85.92
55,8.08,8.0,8.0,10.0,1600.0,Panama,1600.0,1600.0,85.83
56,8.08,7.83,8.08,10.0,1900.0,Ethiopia,1800.0,2000.0,85.83
57,8.17,7.83,8.0,10.0,1524.0,Guatemala,1524.0,1524.0,85.83
58,8.33,8.0,8.0,10.0,1417.32,Guatemala,1417.32,1417.32,85.83
61,8.33,8.33,8.42,10.0,1700.0,Papua New Guinea,1700.0,1700.0,85.75
62,7.92,7.92,8.17,10.0,1500.0,El Salvador,1500.0,1500.0,85.58
63,7.75,7.83,8.0,10.0,1350.0,El Salvador,1300.0,1400.0,85.58
65,7.83,8.0,7.75,10.0,1680.0,Panama,1680.0,1680.0,85.5
66,8.08,7.92,7.92,10.0,1900.0,Kenya,1900.0,1900.0,85.5
67,7.92,7.83,8.0,10.0,1900.0,Ethiopia,1800.0,2000.0,85.5
68,7.92,8.33,7.92,10.0,1600.0,Uganda,1600.0,1600.0,85.5
69,8.33,8.0,7.83,10.0,1731.264,Guatemala,1706.88,1755.648,85.5
70,8.17,7.75,7.83,10.0,1900.0,Ethiopia,1800.0,2000.0,85.42
71,7.67,8.08,8.0,10.0,1950.0,Uganda,1950.0,1950.0,85.42
73,7.67,8.0,8.0,10.0,1250.0,Brazil,1250.0,1250.0,85.42
74,8.08,8.08,7.83,10.0,1400.0,El Salvador,1400.0,1400.0,85.42
75,7.83,8.0,8.0,10.0,1700.0,China,1700.0,1700.0,85.33
76,7.67,7.83,7.75,10.0,1770.0,Guatemala,1770.0,1770.0,85.33
77,7.92,7.92,8.08,9.33,1300.0,Costa Rica,1300.0,1300.0,85.33
78,7.67,8.0,7.58,10.0,1300.0,Costa Rica,1300.0,1300.0,85.33
79,8.08,7.83,8.08,10.0,1600.0,Kenya,1600.0,1600.0,85.33
80,8.08,8.0,7.92,10.0,1200.0,Kenya,1200.0,1200.0,85.33
84,8.0,8.17,7.92,10.0,1550.0,Colombia,1550.0,1550.0,85.25
85,7.83,7.58,8.08,10.0,1550.0,Colombia,1550.0,1550.0,85.25
86,8.0,7.75,7.83,10.0,1325.0,Indonesia,1250.0,1400.0,85.17
87,7.92,8.25,8.0,10.0,1400.0,Guatemala,1400.0,1400.0,85.17
89,8.08,8.17,7.83,10.0,2560.0,Colombia,2560.0,2560.0,85.08
90,8.0,8.42,8.0,10.0,1700.0,Ethiopia,1700.0,1700.0,85.08
92,7.75,7.83,8.0,10.0,2136.0,Colombia,2136.0,2136.0,85.08
96,7.75,8.17,7.92,10.0,1800.0,Uganda,1800.0,1800.0,85.0
98,7.92,7.83,8.0,10.0,1900.0,Costa Rica,1900.0,1900.0,85.0
99,7.75,7.83,8.0,10.0,1300.0,Mexico,1300.0,1300.0,85.0
100,7.75,8.17,7.83,10.0,1.0,Kenya,1.0,1.0,85.0
101,8.08,7.75,7.83,10.0,1580.0,Kenya,1580.0,1580.0,85.0
102,7.83,8.0,8.0,10.0,1100.0,Brazil,1100.0,1100.0,85.0
103,8.08,7.92,8.17,10.0,1400.0,Mexico,1400.0,1400.0,85.0
105,8.0,7.83,8.08,10.0,1325.88,Guatemala,1066.8,1584.96,85.0
107,7.83,7.92,7.83,10.0,1775.0,Colombia,1600.0,1950.0,84.92
108,7.58,7.67,7.83,10.0,800.0,Taiwan,800.0,800.0,84.92
109,7.92,8.0,7.83,10.0,1620.0,"Tanzania, United Republic Of",1620.0,1620.0,84.92
110,7.75,7.75,7.92,10.0,1775.0,Colombia,1600.0,1950.0,84.92
111,7.83,7.75,8.0,10.0,1200.0,Mexico,1200.0,1200.0,84.92
112,7.75,8.0,7.92,10.0,1200.0,Brazil,1200.0,1200.0,84.92
113,8.0,8.0,8.0,10.0,1000.0,Brazil,1000.0,1000.0,84.92
115,7.83,7.92,7.58,10.0,350.0,Taiwan,350.0,350.0,84.83
116,7.67,7.75,7.92,10.0,1650.0,Uganda,1400.0,1900.0,84.83
118,7.92,7.75,7.92,10.0,1750.0,Ethiopia,1500.0,2000.0,84.83
119,8.0,7.42,7.92,10.0,1750.0,Ethiopia,1500.0,2000.0,84.83
121,7.92,7.92,7.83,10.0,1800.0,Kenya,1800.0,1800.0,84.75
122,7.67,7.83,7.75,10.0,1450.0,Honduras,1450.0,1450.0,84.75
123,8.33,7.75,8.0,9.33,1200.0,El Salvador,1200.0,1200.0,84.75
124,7.83,7.83,7.58,10.0,925.0,Nicaragua,800.0,1050.0,84.75
125,8.0,7.83,7.83,10.0,1350.0,El Salvador,1350.0,1350.0,84.67
126,7.75,7.92,7.83,10.0,1200.0,Indonesia,1200.0,1200.0,84.67
127,7.42,7.75,7.75,10.0,170.0,Japan,170.0,170.0,84.67
128,7.83,8.08,7.75,10.0,1150.0,Costa Rica,1150.0,1150.0,84.67
129,8.0,7.75,7.83,10.0,1600.0,Guatemala,1600.0,1600.0,84.67
130,7.17,8.17,8.0,10.0,1750.0,Costa Rica,1750.0,1750.0,84.67
131,7.83,8.08,7.83,10.0,1900.0,Ethiopia,1900.0,1900.0,84.67
132,7.75,7.67,7.58,10.0,1750.0,Costa Rica,1750.0,1750.0,84.67
133,7.75,8.0,7.58,10.0,1200.0,Costa Rica,1200.0,1200.0,84.67
135,7.75,8.0,7.92,10.0,1000.0,Taiwan,1000.0,1000.0,84.67
136,7.83,7.75,7.83,10.0,1550.0,Colombia,1550.0,1550.0,84.67
137,8.0,7.75,7.92,10.0,2000.0,Kenya,2000.0,2000.0,84.67
138,7.83,8.0,7.83,10.0,1310.64,Guatemala,1310.64,1310.64,84.67
139,8.0,7.67,7.83,10.0,1524.0,Guatemala,1524.0,1524.0,84.67
140,7.92,7.83,7.58,10.0,1200.0,Mexico,1200.0,1200.0,84.67
141,7.92,7.92,7.83,10.0,1775.0,Uganda,1700.0,1850.0,84.67
143,8.0,7.42,7.75,10.0,1750.0,Ethiopia,1500.0,2000.0,84.67
144,7.75,7.92,7.75,10.0,1754.0,Kenya,1754.0,1754.0,84.58
145,7.92,7.83,7.67,10.0,1500.0,Colombia,1500.0,1500.0,84.58
147,7.75,7.83,7.83,10.0,1800.0,Kenya,1800.0,1800.0,84.58
148,7.92,7.75,7.83,10.0,1524.0,Guatemala,1524.0,1524.0,84.58
149,7.58,8.0,7.92,10.0,1219.2,Guatemala,1219.2,1219.2,84.58
150,7.75,7.67,7.67,10.0,1550.0,Colombia,1550.0,1550.0,84.58
151,7.75,7.75,7.75,10.0,1750.0,Colombia,1600.0,1900.0,84.58
153,8.0,7.67,7.83,10.0,1750.0,Colombia,1750.0,1750.0,84.58
154,8.0,7.75,7.83,10.0,1575.0,Costa Rica,1450.0,1700.0,84.58
155,7.75,7.42,7.67,10.0,1800.0,Colombia,1800.0,1800.0,84.58
156,7.75,8.0,8.0,10.0,1300.0,Brazil,1300.0,1300.0,84.58
157,7.75,8.5,8.0,10.0,1100.0,Brazil,1100.0,1100.0,84.58
158,7.75,7.92,7.67,10.0,1200.0,Costa Rica,1200.0,1200.0,84.5
159,7.75,7.92,7.75,10.0,1750.0,Uganda,1750.0,1750.0,84.5
160,7.83,7.75,7.92,10.0,1680.0,China,1680.0,1680.0,84.5
161,7.83,7.92,7.83,10.0,1700.0,Costa Rica,1700.0,1700.0,84.5
162,7.83,8.08,7.67,10.0,1800.0,Colombia,1800.0,1800.0,84.5
163,7.83,7.67,8.0,10.0,1100.0,China,1100.0,1100.0,84.5
164,7.83,8.17,7.83,10.0,1310.64,Guatemala,1310.64,1310.64,84.5
165,8.0,7.92,7.83,10.0,2000.0,Kenya,2000.0,2000.0,84.5
166,8.08,8.0,7.92,10.0,1350.0,Mexico,1350.0,1350.0,84.5
167,7.75,7.92,7.83,10.0,1500.0,Mexico,1500.0,1500.0,84.5
171,8.0,7.58,7.83,10.0,1300.0,Costa Rica,1300.0,1300.0,84.42
172,7.58,7.67,7.67,10.0,1400.0,Indonesia,1400.0,1400.0,84.42
174,7.92,7.92,7.75,10.0,1775.0,Colombia,1600.0,1950.0,84.42
175,8.0,7.83,7.83,10.0,1200.0,Taiwan,1200.0,1200.0,84.42
177,7.67,7.75,7.92,10.0,900.0,Mexico,900.0,900.0,84.42
179,7.75,7.33,7.58,10.0,1800.0,Kenya,1800.0,1800.0,84.33
180,7.67,7.92,8.0,10.0,1500.0,Honduras,1500.0,1500.0,84.33
182,7.75,7.58,7.92,10.0,1500.0,Honduras,1500.0,1500.0,84.33
184,7.67,7.75,7.67,10.0,442.0,Colombia,442.0,442.0,84.33
185,7.83,7.75,7.58,10.0,1800.0,Colombia,1800.0,1800.0,84.33
186,7.83,8.0,7.75,10.0,1700.0,Mexico,1700.0,1700.0,84.33
187,7.75,8.17,8.0,10.0,1275.0,Brazil,1200.0,1350.0,84.33
188,7.5,8.0,8.0,10.0,1050.0,Brazil,900.0,1200.0,84.33
189,7.75,7.75,7.75,10.0,1493.52,Ethiopia,1097.28,1889.76,84.33
190,7.67,7.5,7.67,10.0,1386.84,Guatemala,1341.12,1432.56,84.33
191,7.67,7.92,7.75,10.0,1000.0,Taiwan,1000.0,1000.0,84.25
192,7.42,7.83,7.75,10.0,1200.0,Thailand,1200.0,1200.0,84.25
193,7.58,7.83,7.58,10.0,2560.0,Colombia,2560.0,2560.0,84.25
194,7.92,7.75,7.75,10.0,1500.0,Guatemala,1500.0,1500.0,84.25
195,8.08,7.75,7.92,10.0,1099.4136,Guatemala,1099.4136,1099.4136,84.25
196,7.75,7.83,7.83,10.0,1400.0,China,1400.0,1400.0,84.25
197,7.75,7.67,7.67,10.0,1775.0,Colombia,1600.0,1950.0,84.25
198,7.58,7.83,7.67,10.0,1775.0,Colombia,1600.0,1950.0,84.25
199,7.58,7.83,7.75,10.0,1800.0,Colombia,1800.0,1800.0,84.25
200,7.75,7.42,7.67,10.0,442.0,Colombia,442.0,442.0,84.25
201,7.83,7.83,7.67,10.0,1620.0,"Tanzania, United Republic Of",1620.0,1620.0,84.25
202,7.75,7.83,7.75,10.0,1600.0,"Tanzania, United Republic Of",1600.0,1600.0,84.25
203,7.92,7.83,7.83,10.0,1219.2,Guatemala,1219.2,1219.2,84.25
204,7.83,7.58,7.5,10.0,1700.0,Colombia,1700.0,1700.0,84.25
206,7.83,7.83,7.92,10.0,1450.0,Mexico,1450.0,1450.0,84.25
207,7.67,7.83,7.83,10.0,1170.0,Mexico,1170.0,1170.0,84.25
208,7.75,7.83,7.92,10.0,1400.0,Mexico,1400.0,1400.0,84.25
209,7.67,8.17,7.75,10.0,1700.0,Uganda,1700.0,1700.0,84.25
210,7.83,7.75,7.83,10.0,1700.0,Guatemala,1700.0,1700.0,84.17
212,7.67,7.92,7.75,10.0,1700.0,Costa Rica,1700.0,1700.0,84.17
213,8.0,7.75,7.75,10.0,1116.7872,Guatemala,1116.7872,1116.7872,84.17
214,7.92,7.75,7.92,10.0,1565.0,Guatemala,1565.0,1565.0,84.17
215,7.83,7.58,7.83,10.0,3280.0,Guatemala,3280.0,3280.0,84.17
216,7.67,8.0,7.5,10.0,1775.0,Colombia,1600.0,1950.0,84.17
217,7.5,7.67,7.83,10.0,1000.0,Nicaragua,900.0,1100.0,84.17
218,7.67,7.67,7.75,10.0,1150.0,Brazil,1150.0,1150.0,84.17
219,7.75,7.67,7.75,10.0,1850.0,Costa Rica,1850.0,1850.0,84.17
220,7.83,7.5,7.92,10.0,1606.5,Ethiopia,1545.0,1668.0,84.17
221,7.75,7.92,7.75,10.0,1400.0,"Tanzania, United Republic Of",1400.0,1400.0,84.17
222,7.42,7.67,7.5,10.0,1530.0,Colombia,1530.0,1530.0,84.17
224,7.75,7.58,7.75,10.0,250.5,Kenya,1.0,500.0,84.17
225,7.67,7.58,7.83,10.0,1038.5,Brazil,894.0,1183.0,84.17
226,7.67,7.92,7.75,10.0,1310.64,Guatemala,1310.64,1310.64,84.17
227,7.17,8.42,8.08,10.0,1500.0,El Salvador,1500.0,1500.0,84.17
228,7.75,7.75,7.75,10.0,1750.0,Colombia,1750.0,1750.0,84.17
230,7.83,7.83,7.75,10.0,1600.0,Uganda,1500.0,1700.0,84.17
232,7.5,7.83,7.5,10.0,442.0,Colombia,442.0,442.0,84.08
233,7.67,7.58,7.67,10.0,968.0,Taiwan,968.0,968.0,84.08
235,7.75,7.92,7.75,10.0,1775.0,Colombia,1600.0,1950.0,84.08
236,8.0,7.58,7.75,10.0,1550.0,Guatemala,1550.0,1550.0,84.08
238,7.75,7.67,7.75,10.0,1480.0,Mexico,1480.0,1480.0,84.08
239,8.0,7.92,7.92,8.67,1800.0,Ethiopia,1800.0,1800.0,84.08
241,7.75,7.83,7.75,10.0,1800.0,Ethiopia,1800.0,1800.0,84.0
242,7.92,7.42,7.83,10.0,1500.0,Honduras,1500.0,1500.0,84.0
243,7.92,7.67,7.83,10.0,1706.88,Guatemala,1658.112,1755.648,84.0
244,7.58,7.67,7.67,10.0,1600.0,Colombia,1600.0,1600.0,84.0
245,7.92,7.92,7.67,10.0,1219.2,Guatemala,1219.2,1219.2,84.0
246,7.83,7.75,7.83,10.0,1219.2,Guatemala,1219.2,1219.2,84.0
247,7.67,7.67,7.75,10.0,1480.0,Colombia,1480.0,1480.0,84.0
248,7.92,7.58,7.42,10.0,1450.0,Colombia,1450.0,1450.0,84.0
249,7.5,7.67,7.67,10.0,1775.0,Colombia,1600.0,1950.0,84.0
250,7.58,7.75,7.75,10.0,1550.0,Ethiopia,1550.0,1550.0,84.0
251,7.25,7.58,7.83,10.0,1260.0,Brazil,1260.0,1260.0,84.0
252,7.75,7.67,7.83,10.0,1700.0,Colombia,1700.0,1700.0,84.0
253,7.75,7.67,7.83,10.0,1200.0,Kenya,1200.0,1200.0,84.0
255,7.75,7.67,7.75,10.0,1650.0,Kenya,1650.0,1650.0,84.0
256,7.67,7.92,7.75,10.0,1700.0,Uganda,1700.0,1700.0,84.0
258,7.5,7.5,7.75,10.0,890.0,Brazil,890.0,890.0,83.92
259,7.92,7.83,7.83,10.0,1300.0,Mexico,1300.0,1300.0,83.92
260,7.67,7.67,7.75,10.0,1350.0,Thailand,1350.0,1350.0,83.92
261,7.75,7.58,7.67,10.0,934.0,Brazil,934.0,934.0,83.92
262,7.75,7.83,7.75,10.0,1200.0,Taiwan,1200.0,1200.0,83.92
263,7.75,7.75,7.67,10.0,442.0,Colombia,442.0,442.0,83.92
268,7.83,7.75,7.58,10.0,1775.0,Colombia,1600.0,1950.0,83.92
269,7.92,8.0,7.92,10.0,950.0,Taiwan,950.0,950.0,83.92
270,7.75,7.67,7.83,10.0,1550.0,Colombia,1550.0,1550.0,83.92
271,7.67,7.67,7.75,10.0,900.0,Mexico,900.0,900.0,83.92
272,7.83,7.5,7.67,10.0,1500.0,Mexico,1500.0,1500.0,83.92
273,7.92,7.75,7.92,10.0,1400.0,Mexico,1400.0,1400.0,83.92
274,7.83,7.92,7.58,10.0,2527.0,Colombia,2527.0,2527.0,83.83
276,7.67,7.67,7.67,10.0,1850.0,Costa Rica,1850.0,1850.0,83.83
277,7.75,7.75,7.75,10.0,1500.0,Guatemala,1500.0,1500.0,83.83
278,7.75,7.75,7.67,10.0,1200.0,Taiwan,1200.0,1200.0,83.83
279,8.0,7.25,7.58,10.0,1.0,Brazil,1.0,1.0,83.83
280,7.75,7.67,7.75,10.0,525.0,Taiwan,480.0,570.0,83.83
281,7.67,7.75,7.75,10.0,1676.5,Ethiopia,1650.0,1703.0,83.83
282,7.5,7.67,7.67,9.33,1200.0,Brazil,1200.0,1200.0,83.83
283,7.83,7.83,7.42,10.0,1300.0,Costa Rica,1200.0,1400.0,83.83
284,8.0,7.58,7.83,10.0,1219.2,Guatemala,1219.2,1219.2,83.83
285,7.67,7.92,7.5,10.0,1260.0,Brazil,1260.0,1260.0,83.83
286,7.75,7.5,7.67,10.0,800.0,Ecuador,800.0,800.0,83.83
287,7.83,7.67,7.58,10.0,1750.0,Colombia,1750.0,1750.0,83.83
288,7.83,7.5,7.83,10.0,1310.64,Guatemala,1310.64,1310.64,83.83
289,7.42,7.67,8.0,10.0,1218.0,Mexico,1218.0,1218.0,83.83
290,7.75,7.67,7.58,10.0,1300.0,Mexico,1300.0,1300.0,83.83
291,7.67,7.83,7.83,10.0,1250.0,Brazil,1250.0,1250.0,83.83
292,8.0,7.75,7.75,10.0,1499.9208,Thailand,1499.9208,1499.9208,83.83
295,7.58,7.75,7.58,10.0,1800.0,Kenya,1800.0,1800.0,83.75
296,7.75,7.67,7.67,10.0,890.0,Brazil,890.0,890.0,83.75
297,7.58,7.83,7.83,10.0,442.0,Colombia,442.0,442.0,83.75
298,7.58,7.67,7.67,10.0,750.0,Taiwan,750.0,750.0,83.75
300,7.5,7.83,7.75,10.0,1650.0,China,1650.0,1650.0,83.75
301,7.67,7.75,7.67,10.0,442.0,Colombia,442.0,442.0,83.75
302,7.75,8.0,7.92,10.0,1400.0,Uganda,1400.0,1400.0,83.75
303,7.67,7.83,7.83,10.0,853.44,United States (Puerto Rico),853.44,853.44,83.75
304,7.92,7.67,7.67,10.0,1775.0,Colombia,1600.0,1950.0,83.75
305,7.42,7.67,7.42,10.0,1550.0,Colombia,1500.0,1600.0,83.75
306,7.67,7.58,7.67,10.0,1750.0,Colombia,1750.0,1750.0,83.75
307,7.58,7.75,7.67,10.0,1750.0,Colombia,1750.0,1750.0,83.75
309,7.5,7.83,7.58,10.0,700.0,Mexico,700.0,700.0,83.75
310,7.67,7.67,7.58,10.0,1300.0,Guatemala,1300.0,1300.0,83.75
311,7.33,7.83,7.83,10.0,1600.0,Colombia,1600.0,1600.0,83.75
312,7.25,7.75,7.67,10.0,1600.0,Colombia,1600.0,1600.0,83.75
314,7.67,7.67,7.83,10.0,890.0,Brazil,890.0,890.0,83.67
315,7.58,8.08,7.67,10.0,1700.0,Kenya,1700.0,1700.0,83.67
316,7.67,7.5,7.5,10.0,1400.0,Honduras,1400.0,1400.0,83.67
317,7.67,7.67,7.75,10.0,1250.0,Nicaragua,1250.0,1250.0,83.67
318,7.75,7.58,7.75,10.0,934.0,Brazil,934.0,934.0,83.67
319,7.92,7.5,7.67,10.0,1200.0,Taiwan,1200.0,1200.0,83.67
320,7.5,7.33,7.67,10.0,1350.0,Costa Rica,1350.0,1350.0,83.67
321,7.83,7.5,7.75,10.0,800.0,Thailand,800.0,800.0,83.67
322,7.75,7.5,7.75,10.0,1625.0,Colombia,1550.0,1700.0,83.67
323,8.0,8.0,7.5,10.0,1356.6648,Guatemala,1356.6648,1356.6648,83.67
324,7.58,7.83,7.75,10.0,1750.0,Colombia,1750.0,1750.0,83.67
325,7.67,7.67,7.67,10.0,1900.0,Colombia,1800.0,2000.0,83.67
326,7.67,7.67,7.67,10.0,1310.64,Guatemala,1310.64,1310.64,83.67
327,7.67,7.83,7.67,10.0,1310.64,Guatemala,1310.64,1310.64,83.67
328,7.83,7.75,7.75,10.0,1750.0,Colombia,1750.0,1750.0,83.67
329,7.67,8.17,8.17,9.33,1450.0,Guatemala,1450.0,1450.0,83.67
330,7.42,7.67,8.17,10.0,1310.64,Guatemala,1310.64,1310.64,83.67
331,7.33,7.67,7.5,10.0,1100.0,Mexico,1100.0,1100.0,83.67
332,7.58,8.17,7.67,10.0,1400.0,Indonesia,1200.0,1600.0,83.67
333,8.0,7.67,7.5,10.0,1524.0,Guatemala,1524.0,1524.0,83.67
335,7.58,7.58,7.67,10.0,890.0,Brazil,890.0,890.0,83.58
336,7.83,7.75,7.75,10.0,1128.3696,Guatemala,1128.3696,1128.3696,83.58
338,7.58,7.67,7.58,10.0,1100.0,China,1100.0,1100.0,83.58
339,7.67,7.67,7.75,10.0,1775.0,Colombia,1600.0,1950.0,83.58
340,7.58,7.75,7.75,10.0,1200.0,Mexico,1200.0,1200.0,83.58
341,7.67,7.75,7.67,10.0,1850.0,Ethiopia,1700.0,2000.0,83.58
342,7.75,7.67,7.67,10.0,1800.0,Uganda,1800.0,1800.0,83.58
343,7.67,7.67,7.58,10.0,1600.0,Colombia,1600.0,1600.0,83.58
344,7.58,7.67,7.58,10.0,1550.0,Colombia,1550.0,1550.0,83.58
345,7.58,7.75,7.58,10.0,1550.0,Colombia,1550.0,1550.0,83.58
346,7.75,7.75,7.75,10.0,1000.0,Taiwan,1000.0,1000.0,83.58
347,7.67,7.67,7.67,10.0,1775.0,Colombia,1600.0,1950.0,83.58
348,7.58,7.83,7.67,10.0,1000.0,Mexico,1000.0,1000.0,83.58
349,7.58,7.67,7.58,10.0,2136.0,Colombia,2136.0,2136.0,83.58
350,7.75,7.83,7.75,10.0,1100.0,Brazil,1100.0,1100.0,83.58
351,7.75,7.75,7.58,10.0,1799.0,Colombia,1799.0,1799.0,83.5
353,7.67,7.92,7.42,10.0,1850.0,Costa Rica,1850.0,1850.0,83.5
354,7.5,7.75,7.58,10.0,1000.0,Colombia,1000.0,1000.0,83.5
355,7.83,7.67,7.75,10.0,1219.2,Guatemala,1219.2,1219.2,83.5
356,7.58,7.58,7.58,10.0,1775.0,Colombia,1600.0,1950.0,83.5
357,7.67,7.75,7.67,10.0,1400.0,"Tanzania, United Republic Of",1400.0,1400.0,83.5
358,7.92,7.25,7.67,10.0,1500.0,Indonesia,1500.0,1500.0,83.5
359,7.58,7.67,7.75,10.0,1600.0,Ethiopia,1600.0,1600.0,83.5
361,7.58,8.0,7.58,10.0,1850.0,Colombia,1850.0,1850.0,83.5
362,7.83,7.58,7.75,10.0,1400.0,Guatemala,1400.0,1400.0,83.5
363,7.5,7.75,7.58,10.0,1650.0,Colombia,1650.0,1650.0,83.5
364,7.5,7.67,7.5,10.0,1350.0,Honduras,1350.0,1350.0,83.5
365,7.67,7.58,7.75,10.0,1750.0,Colombia,1750.0,1750.0,83.5
366,7.75,7.58,7.67,10.0,1750.0,Colombia,1750.0,1750.0,83.5
367,7.5,7.83,7.58,10.0,1170.0,Mexico,1170.0,1170.0,83.5
368,7.75,7.67,7.75,10.0,940.0,Mexico,940.0,940.0,83.5
369,7.75,7.75,7.67,10.0,1400.0,Mexico,1400.0,1400.0,83.5
370,8.0,7.83,7.5,10.0,1524.0,Guatemala,1524.0,1524.0,83.5
371,7.67,7.67,7.58,10.0,1775.0,Colombia,1600.0,1950.0,83.5
372,7.5,7.5,7.5,10.0,1402.08,Guatemala,1402.08,1402.08,83.5
374,7.58,7.83,7.58,10.0,1600.0,Indonesia,1600.0,1600.0,83.5
375,7.5,7.5,7.58,10.0,439.0,Colombia,439.0,439.0,83.42
376,7.58,7.67,7.75,10.0,1700.0,Guatemala,1700.0,1700.0,83.42
377,7.67,7.67,7.67,10.0,442.0,Colombia,442.0,442.0,83.42
378,7.92,7.58,7.5,10.0,1850.0,Costa Rica,1850.0,1850.0,83.42
380,7.75,7.58,7.75,10.0,1800.0,Uganda,1800.0,1800.0,83.42
381,7.5,7.5,7.58,10.0,1200.0,Thailand,1200.0,1200.0,83.42
382,7.58,7.58,7.5,10.0,1330.0,El Salvador,1330.0,1330.0,83.42
383,7.67,7.58,7.67,10.0,442.0,Colombia,442.0,442.0,83.42
385,7.67,7.75,7.67,10.0,1600.0,"Tanzania, United Republic Of",1600.0,1600.0,83.42
386,7.75,7.58,7.58,10.0,1813.0,Colombia,1813.0,1813.0,83.42
387,7.83,7.75,7.83,10.0,1219.2,Guatemala,1219.2,1219.2,83.42
388,7.83,7.67,7.75,10.0,1500.0,Guatemala,1500.0,1500.0,83.42
389,7.42,7.67,7.5,10.0,1310.64,Guatemala,1310.64,1310.64,83.42
391,7.5,7.5,7.75,10.0,1450.0,Colombia,1450.0,1450.0,83.42
395,7.63,7.25,7.88,10.0,1050.0,Mexico,900.0,1200.0,83.38
396,7.58,7.75,7.5,10.0,1650.0,Colombia,1650.0,1650.0,83.33
399,7.58,7.5,7.83,10.0,1227.0,Brazil,1227.0,1227.0,83.33
400,7.67,7.75,7.75,10.0,1200.0,Mexico,1200.0,1200.0,83.33
401,7.83,7.67,7.75,10.0,1650.0,Colombia,1650.0,1650.0,83.33
402,7.58,7.75,7.58,10.0,1700.0,"Tanzania, United Republic Of",1700.0,1700.0,83.33
403,7.67,7.67,7.67,10.0,1100.0,Mexico,1100.0,1100.0,83.33
404,7.67,7.67,7.67,10.0,1300.0,Costa Rica,1300.0,1300.0,83.33
406,7.5,7.5,7.67,10.0,1200.0,Costa Rica,1100.0,1300.0,83.33
408,7.5,7.58,7.5,10.0,1280.16,Haiti,1280.16,1280.16,83.33
409,7.67,7.67,7.67,10.0,1000.0,Colombia,1000.0,1000.0,83.33
410,7.67,7.83,7.67,10.0,1310.64,Guatemala,1310.64,1310.64,83.33
412,7.5,7.75,7.67,10.0,1880.0,Burundi,1880.0,1880.0,83.33
413,7.58,7.5,7.67,10.0,1750.0,Colombia,1750.0,1750.0,83.33
416,7.83,7.67,7.83,10.0,1600.0,Mexico,1600.0,1600.0,83.25
417,7.5,7.5,7.5,10.0,1900.0,Costa Rica,1900.0,1900.0,83.25
419,7.83,7.5,7.58,10.0,2100.0,Guatemala,2100.0,2100.0,83.25
422,7.17,7.58,7.67,10.0,442.0,Colombia,442.0,442.0,83.25
423,7.58,7.83,7.75,10.0,1261.0,Mexico,1261.0,1261.0,83.25
424,7.5,7.67,7.5,10.0,1000.0,Taiwan,1000.0,1000.0,83.25
425,7.58,7.92,7.83,10.0,800.0,Taiwan,800.0,800.0,83.25
426,7.58,7.58,7.58,10.0,1483.0,Colombia,1483.0,1483.0,83.25
427,7.67,7.5,7.67,10.0,1500.0,Guatemala,1500.0,1500.0,83.25
428,7.33,7.83,7.5,10.0,1750.0,Colombia,1750.0,1750.0,83.25
429,7.5,7.58,7.75,10.0,1300.0,Mexico,1300.0,1300.0,83.25
432,7.92,7.75,7.75,10.0,1000.0,Mexico,1000.0,1000.0,83.25
433,7.83,7.83,7.58,10.0,1310.64,Guatemala,1310.64,1310.64,83.25
434,7.58,7.75,7.67,10.0,1200.0,Brazil,1200.0,1200.0,83.25
435,7.42,7.67,7.58,10.0,175.0,Colombia,175.0,175.0,83.25
436,7.5,7.67,7.67,10.0,1775.0,Colombia,1600.0,1950.0,83.25
437,7.42,7.92,7.75,10.0,1700.0,Colombia,1600.0,1800.0,83.25
438,7.25,8.0,7.67,10.0,1880.0,Colombia,1880.0,1880.0,83.25
439,7.42,7.92,7.75,10.0,1800.0,Colombia,1800.0,1800.0,83.25
440,7.58,7.67,7.42,10.0,890.0,Brazil,890.0,890.0,83.17
441,7.67,7.58,7.58,10.0,1901.0,Guatemala,1901.0,1901.0,83.17
442,7.67,7.67,7.58,10.0,168.0,"Tanzania, United Republic Of",168.0,168.0,83.17
444,7.33,7.58,7.42,10.0,1550.0,Vietnam,1550.0,1550.0,83.17
445,7.75,7.67,7.75,10.0,1500.0,Guatemala,1500.0,1500.0,83.17
446,7.67,7.67,7.67,10.0,1450.0,Honduras,1450.0,1450.0,83.17
447,7.67,7.5,7.67,10.0,1200.0,China,1200.0,1200.0,83.17
448,7.67,7.67,7.67,10.0,1600.0,China,1600.0,1600.0,83.17
449,7.67,7.5,7.5,10.0,1350.0,El Salvador,1350.0,1350.0,83.17
450,7.83,7.5,7.75,10.0,1500.0,Guatemala,1500.0,1500.0,83.17
451,7.75,7.92,7.67,10.0,1650.0,Guatemala,1400.0,1900.0,83.17
452,7.75,7.83,7.75,9.33,250.5,Kenya,1.0,500.0,83.17
453,7.75,7.67,7.58,10.0,800.0,Thailand,800.0,800.0,83.17
454,7.58,7.58,7.67,10.0,1653.0,"Tanzania, United Republic Of",1653.0,1653.0,83.17
455,7.67,7.58,7.5,10.0,1775.0,Colombia,1600.0,1950.0,83.17
456,7.42,8.0,7.67,10.0,1800.0,Uganda,1800.0,1800.0,83.17
458,7.67,7.5,7.5,10.0,1450.0,Honduras,1450.0,1450.0,83.17
459,7.67,7.67,7.67,10.0,1350.0,Honduras,1350.0,1350.0,83.17
460,8.17,7.33,7.83,10.0,1524.0,Guatemala,1524.0,1524.0,83.17
462,7.75,7.58,7.5,10.0,1800.0,"Tanzania, United Republic Of",1800.0,1800.0,83.17
463,7.67,7.67,7.83,10.0,1310.64,Guatemala,1310.64,1310.64,83.17
464,7.58,7.75,7.58,10.0,1500.0,Mexico,1500.0,1500.0,83.17
465,7.5,7.75,7.67,10.0,532.0,Mexico,532.0,532.0,83.17
466,7.67,7.58,7.75,10.0,1089.0,Mexico,1089.0,1089.0,83.17
467,7.5,7.67,7.5,10.0,1775.0,Colombia,1600.0,1950.0,83.17
468,7.75,7.75,7.5,10.0,700.0,Mexico,700.0,700.0,83.17
469,7.58,7.58,7.67,10.0,1750.0,Colombia,1750.0,1750.0,83.17
470,7.58,7.5,7.75,10.0,1380.0,Mexico,1380.0,1380.0,83.17
471,7.5,7.75,7.67,10.0,1000.0,Brazil,1000.0,1000.0,83.17
472,7.58,7.92,7.58,10.0,950.0,Brazil,950.0,950.0,83.17
473,7.5,7.75,7.5,9.33,1402.08,Guatemala,1402.08,1402.08,83.17
474,7.5,7.75,7.5,10.0,1000.0,Brazil,1000.0,1000.0,83.17
475,7.5,7.58,7.75,10.0,900.0,Brazil,900.0,900.0,83.17
476,8.08,7.42,7.83,10.0,1200.0,El Salvador,1200.0,1200.0,83.17
477,8.08,7.75,8.0,9.33,1850.0,Ethiopia,1850.0,1850.0,83.17
478,7.67,7.58,7.67,10.0,1799.0,Colombia,1799.0,1799.0,83.08
480,7.5,7.58,7.58,10.0,905.0,Brazil,905.0,905.0,83.08
481,7.33,7.33,7.67,10.0,1.0,Brazil,1.0,1.0,83.08
482,7.83,7.83,7.92,10.0,750.0,Taiwan,700.0,800.0,83.08
484,7.42,7.58,7.83,10.0,1200.0,Brazil,1200.0,1200.0,83.08
485,7.67,7.83,7.33,10.0,1300.0,Costa Rica,1200.0,1400.0,83.08
487,7.5,7.75,7.75,10.0,1300.0,Taiwan,1300.0,1300.0,83.08
489,7.75,7.75,7.67,10.0,1400.0,Mexico,1400.0,1400.0,83.08
492,7.58,7.33,7.33,10.0,1775.0,Colombia,1600.0,1950.0,83.08
493,7.25,7.83,7.75,10.0,1880.0,Colombia,1880.0,1880.0,83.08
494,7.58,7.67,7.58,10.0,1350.0,Indonesia,1300.0,1400.0,83.08
496,7.75,7.58,7.5,10.0,890.0,Brazil,890.0,890.0,83.0
497,7.67,7.5,7.58,10.0,894.0,Brazil,894.0,894.0,83.0
498,7.67,7.5,7.67,10.0,872.0,Brazil,872.0,872.0,83.0
499,7.42,7.67,7.58,10.0,1473.0,Uganda,1473.0,1473.0,83.0
500,7.58,7.67,7.67,10.0,1645.0,Uganda,1645.0,1645.0,83.0
501,7.67,7.67,7.67,10.0,442.0,Colombia,442.0,442.0,83.0
502,7.58,7.75,7.67,10.0,1550.0,Vietnam,1550.0,1550.0,83.0
503,7.92,7.67,7.75,10.0,1550.0,Guatemala,1300.0,1800.0,83.0
504,7.75,7.75,7.67,10.0,1371.6,Guatemala,1371.6,1371.6,83.0
505,7.67,7.83,7.67,10.0,1500.0,Guatemala,1500.0,1500.0,83.0
506,7.5,7.67,7.67,10.0,1000.0,Brazil,900.0,1100.0,83.0
507,7.58,7.92,7.92,10.0,1200.0,Taiwan,1200.0,1200.0,83.0
508,7.5,7.83,7.58,10.0,1800.0,Uganda,1800.0,1800.0,83.0
509,7.83,7.67,7.5,9.33,853.44,United States (Puerto Rico),853.44,853.44,83.0
510,7.83,7.67,7.67,10.0,1500.0,Guatemala,1500.0,1500.0,83.0
511,7.58,7.67,7.58,10.0,1200.0,Costa Rica,1100.0,1300.0,83.0
512,7.67,7.75,7.58,10.0,1250.0,Brazil,1250.0,1250.0,83.0
513,7.5,7.75,7.42,10.0,1775.0,Colombia,1600.0,1950.0,83.0
514,7.33,7.83,7.5,10.0,1750.0,Colombia,1750.0,1750.0,83.0
515,7.42,7.33,7.67,10.0,1000.0,Colombia,1000.0,1000.0,83.0
516,7.67,7.58,7.75,10.0,1000.0,Colombia,1000.0,1000.0,83.0
517,7.58,7.5,7.5,10.0,1775.0,Colombia,1600.0,1950.0,83.0
518,7.5,7.67,7.58,10.0,750.0,Mexico,750.0,750.0,83.0
519,7.58,7.67,7.83,10.0,1200.0,Mexico,1200.0,1200.0,83.0
520,7.5,7.5,7.67,10.0,1200.0,Mexico,1200.0,1200.0,83.0
522,7.67,7.75,7.58,10.0,1625.0,Colombia,1500.0,1750.0,83.0
523,7.58,7.67,7.58,10.0,1750.0,Colombia,1750.0,1750.0,83.0
524,7.67,7.5,7.67,10.0,1371.6,Guatemala,1371.6,1371.6,83.0
525,7.5,7.67,7.67,10.0,1775.0,Colombia,1600.0,1950.0,83.0
527,7.33,7.33,7.67,10.0,1450.0,Colombia,1050.0,1850.0,83.0
530,7.67,7.5,7.58,10.0,1800.0,Colombia,1800.0,1800.0,83.0
533,7.58,7.67,7.58,10.0,890.0,Brazil,890.0,890.0,82.92
534,7.58,7.5,7.5,9.33,1350.0,El Salvador,1350.0,1350.0,82.92
535,7.33,7.58,7.67,10.0,1500.0,Colombia,1500.0,1500.0,82.92
536,7.67,7.17,7.83,10.0,350.0,Taiwan,350.0,350.0,82.92
537,7.5,7.58,7.58,10.0,2000.0,Ethiopia,2000.0,2000.0,82.92
538,7.33,7.5,7.58,10.0,775.0,Taiwan,775.0,775.0,82.92
539,7.58,7.58,7.58,10.0,1200.0,Philippines,1200.0,1200.0,82.92
540,7.42,8.08,7.5,10.0,1600.0,Philippines,1600.0,1600.0,82.92
541,7.58,7.83,7.67,10.0,1059.0,Mexico,1059.0,1059.0,82.92
542,7.42,7.75,7.67,10.0,1300.0,Mexico,1300.0,1300.0,82.92
543,7.83,7.08,7.5,10.0,11000.0,Brazil,11000.0,11000.0,82.92
544,7.58,8.0,7.5,10.0,1650.0,Uganda,1400.0,1900.0,82.92
545,7.5,7.75,7.58,10.0,1400.0,Uganda,1400.0,1400.0,82.92
546,7.58,7.75,7.5,10.0,1500.0,Guatemala,1500.0,1500.0,82.92
547,7.5,7.67,7.83,10.0,1500.0,Guatemala,1500.0,1500.0,82.92
549,7.33,7.58,7.5,10.0,1900.0,Colombia,1800.0,2000.0,82.92
550,7.5,7.75,7.5,10.0,1750.0,Colombia,1750.0,1750.0,82.92
551,7.92,7.83,7.75,10.0,1706.88,Guatemala,1658.112,1755.648,82.92
552,7.42,7.83,7.67,10.0,1450.0,Colombia,1450.0,1450.0,82.92
553,7.25,7.58,7.58,10.0,1248.0,Mexico,1248.0,1248.0,82.92
554,7.58,7.67,7.33,10.0,1040.0,Vietnam,1040.0,1040.0,82.92
555,7.17,8.0,7.92,10.0,1400.0,Mexico,1400.0,1400.0,82.92
557,7.75,7.5,7.75,10.0,1450.0,Colombia,1050.0,1850.0,82.92
559,7.58,7.75,7.58,10.0,1754.0,Kenya,1754.0,1754.0,82.83
560,7.67,7.5,7.58,10.0,1700.0,Guatemala,1700.0,1700.0,82.83
561,7.5,7.67,7.58,10.0,905.0,Brazil,905.0,905.0,82.83
562,7.83,7.33,7.67,10.0,1250.0,El Salvador,1250.0,1250.0,82.83
563,7.83,7.83,7.92,9.33,1900.0,Rwanda,1900.0,1900.0,82.83
564,7.42,7.25,7.58,10.0,1040.0,Vietnam,1040.0,1040.0,82.83
565,7.67,7.58,7.58,10.0,1219.2,Guatemala,1219.2,1219.2,82.83
566,7.67,7.58,7.83,10.0,900.0,Brazil,900.0,900.0,82.83
567,7.58,7.83,7.67,10.0,1600.0,Colombia,1200.0,2000.0,82.83
568,7.5,7.42,7.58,10.0,1200.0,United States,1200.0,1200.0,82.83
569,7.67,7.67,7.67,10.0,1500.0,Guatemala,1500.0,1500.0,82.83
570,7.5,7.5,7.42,10.0,1800.0,Colombia,1800.0,1800.0,82.83
571,7.42,7.83,7.5,10.0,1775.0,Colombia,1600.0,1950.0,82.83
572,7.25,7.67,7.5,10.0,1400.0,"Tanzania, United Republic Of",1400.0,1400.0,82.83
573,7.58,7.58,7.67,10.0,1550.0,Mexico,1550.0,1550.0,82.83
574,7.75,7.67,7.58,10.0,1250.0,Mexico,1250.0,1250.0,82.83
575,7.5,7.67,7.67,10.0,1310.64,Guatemala,1310.64,1310.64,82.83
576,7.42,7.58,7.58,10.0,1380.0,Mexico,1380.0,1380.0,82.83
577,7.75,7.75,7.58,10.0,1200.0,El Salvador,1200.0,1200.0,82.83
578,7.67,7.5,7.58,10.0,1100.0,Guatemala,1100.0,1100.0,82.75
579,7.58,7.58,7.67,10.0,1800.0,Guatemala,1800.0,1800.0,82.75
580,7.67,7.5,7.67,10.0,1700.0,Guatemala,1700.0,1700.0,82.75
581,7.58,7.5,7.5,10.0,1219.2,Guatemala,1219.2,1219.2,82.75
582,7.67,7.42,7.58,10.0,1219.2,Guatemala,1219.2,1219.2,82.75
583,7.58,7.5,7.58,10.0,1500.0,Indonesia,1500.0,1500.0,82.75
584,7.58,7.58,7.58,10.0,157.8864,Guatemala,157.8864,157.8864,82.75
585,7.67,7.83,7.67,10.0,650.0,Taiwan,650.0,650.0,82.75
586,7.33,7.67,7.67,10.0,1250.0,El Salvador,1250.0,1250.0,82.75
587,7.67,7.58,7.5,10.0,1850.0,Costa Rica,1850.0,1850.0,82.75
588,7.58,7.58,7.5,10.0,1400.0,Honduras,1400.0,1400.0,82.75
589,7.5,7.5,7.5,10.0,905.0,Brazil,905.0,905.0,82.75
590,7.33,7.67,7.5,10.0,1100.0,China,1100.0,1100.0,82.75
591,7.67,7.5,7.67,10.0,1500.0,China,1500.0,1500.0,82.75
592,7.75,7.5,7.58,10.0,1775.0,Colombia,1600.0,1950.0,82.75
593,7.5,7.75,7.58,10.0,1442.0,Malawi,1442.0,1442.0,82.75
594,7.75,7.75,7.42,10.0,1524.0,Guatemala,1524.0,1524.0,82.75
595,7.58,7.67,7.42,10.0,165.0,Colombia,165.0,165.0,82.75
598,7.33,7.58,7.33,10.0,1300.0,Colombia,1300.0,1300.0,82.75
599,7.5,7.58,7.58,10.0,1550.0,Mexico,1550.0,1550.0,82.75
600,7.75,7.58,7.58,10.0,1200.0,Mexico,1200.0,1200.0,82.75
601,8.0,8.08,8.17,10.0,1200.0,Mexico,1200.0,1200.0,82.75
602,7.67,7.5,7.58,10.0,1625.0,Colombia,1400.0,1850.0,82.75
603,7.58,7.67,7.58,10.0,1775.0,Colombia,1600.0,1950.0,82.75
605,7.58,7.42,7.42,10.0,1100.0,Panama,1100.0,1100.0,82.75
607,7.75,7.5,7.58,10.0,890.0,Brazil,890.0,890.0,82.67
608,7.67,7.5,7.58,10.0,934.0,Brazil,934.0,934.0,82.67
609,7.42,7.67,7.67,10.0,1300.0,Laos,1300.0,1300.0,82.67
610,7.67,7.67,7.67,9.33,1200.0,El Salvador,1200.0,1200.0,82.67
611,7.75,7.5,7.67,10.0,1300.0,Mexico,1300.0,1300.0,82.67
613,7.67,7.58,7.5,10.0,1.0,Brazil,1.0,1.0,82.67
615,7.5,7.5,7.5,10.0,1700.0,"Tanzania, United Republic Of",1700.0,1700.0,82.67
616,7.58,7.58,7.5,10.0,1550.0,"Tanzania, United Republic Of",1550.0,1550.0,82.67
617,7.42,8.0,7.83,10.0,1200.0,Taiwan,1200.0,1200.0,82.67
618,7.5,7.67,7.58,10.0,1296.0,Mexico,1296.0,1296.0,82.67
619,7.67,7.67,7.5,10.0,1650.0,Uganda,1400.0,1900.0,82.67
620,7.5,7.67,7.5,10.0,1240.0,Taiwan,1240.0,1240.0,82.67
621,7.67,7.42,7.5,10.0,1500.0,Thailand,1500.0,1500.0,82.67
622,7.25,7.75,7.58,10.0,1800.0,Colombia,1800.0,1800.0,82.67
624,7.67,7.67,7.67,10.0,1500.0,Guatemala,1500.0,1500.0,82.67
626,7.58,7.58,7.58,10.0,1100.0,Mexico,1100.0,1100.0,82.67
627,7.58,7.5,7.58,10.0,950.0,Mexico,950.0,950.0,82.67
628,7.42,7.33,7.58,10.0,3850.0,Colombia,1800.0,5900.0,82.67
630,7.75,7.75,7.58,10.0,1400.0,Mexico,1400.0,1400.0,82.67
631,7.33,8.08,7.67,10.0,1800.0,Colombia,1800.0,1800.0,82.67
633,7.75,7.5,7.42,10.0,1219.2,Guatemala,1219.2,1219.2,82.58
634,7.42,7.67,7.42,10.0,1050.0,Taiwan,1050.0,1050.0,82.58
636,7.08,7.25,7.25,10.0,200.0,Taiwan,200.0,200.0,82.58
638,7.33,7.83,7.58,10.0,1250.0,Indonesia,1200.0,1300.0,82.58
639,7.67,7.75,7.33,10.0,800.0,Thailand,800.0,800.0,82.58
640,7.42,7.42,7.58,10.0,1450.0,Thailand,1400.0,1500.0,82.58
641,7.5,7.75,7.42,10.0,1317.0,"Tanzania, United Republic Of",1317.0,1317.0,82.58
642,7.58,7.83,7.5,10.0,1650.0,Uganda,1400.0,1900.0,82.58
643,7.67,7.67,7.42,10.0,1300.0,Costa Rica,1200.0,1400.0,82.58
646,7.42,7.75,7.25,10.0,1750.0,Colombia,1750.0,1750.0,82.58
647,7.25,7.75,7.5,10.0,1750.0,Colombia,1750.0,1750.0,82.58
648,7.58,7.58,7.5,10.0,1750.0,Colombia,1750.0,1750.0,82.58
649,7.5,7.5,7.58,10.0,1250.0,Mexico,1250.0,1250.0,82.58
650,7.75,7.67,7.58,10.0,1150.0,Mexico,1150.0,1150.0,82.58
651,7.42,7.33,7.42,10.0,1775.0,Colombia,1600.0,1950.0,82.58
652,7.75,7.58,7.5,10.0,975.0,Brazil,900.0,1050.0,82.58
653,7.5,7.5,7.5,10.0,890.0,Brazil,890.0,890.0,82.5
654,7.5,7.83,7.75,10.0,1250.0,Indonesia,1250.0,1250.0,82.5
655,7.5,7.58,7.58,10.0,1400.0,Honduras,1400.0,1400.0,82.5
656,7.5,7.5,7.5,10.0,1219.2,Guatemala,1219.2,1219.2,82.5
657,7.75,7.5,7.83,10.0,800.0,Thailand,800.0,800.0,82.5
658,7.5,7.33,7.5,10.0,1450.0,Thailand,1400.0,1500.0,82.5
659,7.58,7.67,7.42,10.0,1600.0,"Tanzania, United Republic Of",1600.0,1600.0,82.5
661,7.67,7.42,7.58,10.0,1600.0,Mexico,1500.0,1700.0,82.5
662,7.33,7.42,7.5,10.0,1260.0,Brazil,1260.0,1260.0,82.5
663,7.67,7.83,7.42,10.0,1310.64,Guatemala,1310.64,1310.64,82.5
664,7.42,7.5,7.5,10.0,1750.0,Colombia,1750.0,1750.0,82.5
665,7.33,7.83,7.67,10.0,1310.64,Guatemala,1310.64,1310.64,82.5
666,7.5,7.5,7.58,10.0,1679.0,Mexico,1679.0,1679.0,82.5
667,7.67,7.67,7.5,10.0,1100.0,Mexico,1100.0,1100.0,82.5
668,7.58,7.92,7.5,10.0,1650.0,Mexico,1650.0,1650.0,82.5
670,7.67,7.67,7.42,10.0,1250.0,Brazil,1250.0,1250.0,82.5
671,7.5,7.67,7.5,10.0,1775.0,Colombia,1600.0,1950.0,82.5
673,7.67,7.75,7.58,10.0,1600.0,Guatemala,1600.0,1600.0,82.5
674,7.58,7.42,7.67,10.0,1500.0,Honduras,1500.0,1500.0,82.42
675,7.75,7.58,7.5,10.0,1700.0,Guatemala,1700.0,1700.0,82.42
676,7.67,7.67,7.58,10.0,1700.0,Guatemala,1700.0,1700.0,82.42
677,7.67,7.58,7.5,10.0,157.8864,Guatemala,157.8864,157.8864,82.42
679,7.75,5.08,7.75,10.0,1600.0,Colombia,1600.0,1600.0,82.42
680,7.5,7.67,7.42,10.0,1600.0,China,1600.0,1600.0,82.42
682,7.42,7.67,7.25,10.0,2285.0,"Tanzania, United Republic Of",2285.0,2285.0,82.42
683,7.5,7.17,7.83,10.0,1.0,Brazil,1.0,1.0,82.42
684,7.67,7.5,7.5,10.0,1400.0,Guatemala,1400.0,1400.0,82.42
685,7.58,7.42,7.5,10.0,1296.0,Mexico,1296.0,1296.0,82.42
686,7.5,7.58,7.67,10.0,1000.0,Brazil,1000.0,1000.0,82.42
688,7.5,7.25,7.33,10.0,1260.0,Brazil,1260.0,1260.0,82.42
689,7.92,7.5,7.58,10.0,1170.0,Mexico,1170.0,1170.0,82.42
691,7.5,7.67,7.42,10.0,1775.0,Colombia,1600.0,1950.0,82.42
692,7.67,7.5,7.42,10.0,1560.0,Mexico,1560.0,1560.0,82.42
693,7.42,7.42,7.58,10.0,1400.0,Mexico,1400.0,1400.0,82.42
694,7.58,7.42,7.58,10.0,1300.0,Mexico,1300.0,1300.0,82.42
695,7.58,7.75,7.33,10.0,1170.0,Mexico,1170.0,1170.0,82.42
696,7.5,7.5,7.58,10.0,1300.0,Mexico,1300.0,1300.0,82.42
697,7.5,7.58,7.58,10.0,1350.0,Mexico,1350.0,1350.0,82.42
698,7.58,7.58,7.33,10.0,1150.0,Mexico,1150.0,1150.0,82.42
699,7.42,7.67,7.58,10.0,1250.0,Mexico,1250.0,1250.0,82.42
700,7.67,7.83,7.5,10.0,1450.0,Mexico,1450.0,1450.0,82.42
701,7.42,7.67,7.33,10.0,442.0,Colombia,442.0,442.0,82.42
703,7.58,7.33,7.58,10.0,1750.0,Colombia,1750.0,1750.0,82.42
704,7.25,7.58,7.25,10.0,1750.0,Colombia,1750.0,1750.0,82.42
705,7.5,7.5,7.58,10.0,1396.0,Honduras,1396.0,1396.0,82.33
706,7.33,7.33,7.5,10.0,982.0,Brazil,982.0,982.0,82.33
708,7.5,7.5,7.5,10.0,934.0,Brazil,934.0,934.0,82.33
709,7.25,7.75,7.5,10.0,1850.0,Costa Rica,1850.0,1850.0,82.33
710,7.5,7.75,7.33,10.0,1550.0,Costa Rica,1550.0,1550.0,82.33
711,7.5,7.5,7.58,10.0,1580.0,China,1580.0,1580.0,82.33
712,8.33,8.25,7.83,10.0,1268.0,Brazil,1268.0,1268.0,82.33
714,7.83,7.5,7.42,10.0,1676.4,Guatemala,1676.4,1676.4,82.33
715,7.58,7.33,7.58,10.0,1450.0,Malawi,1450.0,1450.0,82.33
716,8.08,7.75,8.08,6.67,1100.0,Brazil,1100.0,1100.0,82.33
717,7.58,7.58,7.67,10.0,1524.0,Guatemala,1524.0,1524.0,82.33
719,7.17,7.42,7.33,10.0,1300.0,Colombia,1300.0,1300.0,82.33
720,7.5,7.5,7.5,10.0,200.0,Taiwan,200.0,200.0,82.33
721,7.5,7.5,7.5,10.0,600.0,Taiwan,600.0,600.0,82.33
722,7.5,7.5,7.42,10.0,1310.64,Guatemala,1310.64,1310.64,82.33
723,7.5,7.5,7.42,10.0,1750.0,Colombia,1750.0,1750.0,82.33
724,7.5,7.67,7.5,10.0,1300.0,Mexico,1300.0,1300.0,82.33
726,7.67,7.67,7.5,10.0,1752.6,Guatemala,1676.4,1828.8,82.33
727,7.33,7.58,7.67,10.0,441.0,Mexico,441.0,441.0,82.33
728,7.58,7.67,7.58,10.0,1170.0,Mexico,1170.0,1170.0,82.33
729,7.5,7.5,7.67,10.0,1310.64,Guatemala,1310.64,1310.64,82.33
730,7.5,7.58,7.5,10.0,1100.0,Brazil,1100.0,1100.0,82.33
731,7.33,8.0,7.75,10.0,1300.0,Mexico,1200.0,1400.0,82.33
732,7.58,7.58,7.58,10.0,950.0,Brazil,950.0,950.0,82.33
733,7.25,7.83,7.58,10.0,442.0,Colombia,442.0,442.0,82.33
734,7.42,7.58,7.5,10.0,1100.0,Brazil,1100.0,1100.0,82.25
736,7.67,7.67,7.5,10.0,1450.0,Guatemala,1450.0,1450.0,82.25
737,7.08,7.42,7.67,10.0,1.0,Brazil,1.0,1.0,82.25
738,7.67,7.58,7.67,9.33,1500.0,El Salvador,1500.0,1500.0,82.25
739,7.58,7.58,7.5,10.0,1350.0,Honduras,1350.0,1350.0,82.25
740,7.42,7.58,7.42,10.0,1180.0,Malawi,1180.0,1180.0,82.25
741,7.42,7.75,7.58,10.0,1100.0,Brazil,1100.0,1100.0,82.25
742,7.5,7.5,7.5,10.0,650.0,Taiwan,650.0,650.0,82.25
743,7.42,7.58,7.58,10.0,1338.0,Mexico,1338.0,1338.0,82.25
745,7.17,7.58,7.58,10.0,533.0,Mexico,533.0,533.0,82.25
746,7.58,7.5,7.5,10.0,1390.8024,Guatemala,1390.8024,1390.8024,82.25
747,7.67,7.5,7.58,10.0,1170.0,Mexico,1170.0,1170.0,82.25
748,7.5,7.67,7.58,10.0,1250.0,Mexico,1250.0,1250.0,82.25
750,7.67,7.33,7.58,10.0,1100.0,Mexico,1100.0,1100.0,82.25
751,7.58,7.42,7.5,10.0,900.0,Mexico,900.0,900.0,82.25
752,7.33,7.5,7.42,10.0,1750.0,Colombia,1750.0,1750.0,82.25
753,7.33,7.67,7.33,10.0,1775.0,Colombia,1600.0,1950.0,82.25
756,7.42,7.42,7.42,10.0,934.0,Brazil,934.0,934.0,82.17
757,7.42,7.5,7.5,10.0,1500.0,Honduras,1500.0,1500.0,82.17
758,7.42,7.5,7.5,10.0,1000.0,Nicaragua,1000.0,1000.0,82.17
759,7.33,7.58,7.42,10.0,1650.0,"Tanzania, United Republic Of",1500.0,1800.0,82.17
760,7.5,7.42,7.42,10.0,1600.0,"Tanzania, United Republic Of",1600.0,1600.0,82.17
761,7.33,6.92,7.58,10.0,1.0,Brazil,1.0,1.0,82.17
762,7.75,7.42,7.42,10.0,800.0,Thailand,800.0,800.0,82.17
763,7.42,7.67,7.5,10.0,1350.0,Honduras,1350.0,1350.0,82.17
764,7.5,7.42,7.42,10.0,1500.0,Guatemala,1500.0,1500.0,82.17
766,7.58,7.75,7.42,10.0,1700.0,"Tanzania, United Republic Of",1700.0,1700.0,82.17
767,7.42,7.42,7.33,10.0,1100.0,Mexico,1100.0,1100.0,82.17
768,7.42,7.5,7.5,10.0,1400.0,Mexico,1200.0,1600.0,82.17
769,7.5,7.5,7.5,10.0,1200.0,Taiwan,1200.0,1200.0,82.17
770,7.17,7.67,7.5,10.0,800.0,Taiwan,800.0,800.0,82.17
771,7.58,7.33,7.25,10.0,1750.0,Colombia,1750.0,1750.0,82.17
772,7.5,7.5,7.67,10.0,1144.0,Mexico,1144.0,1144.0,82.17
773,7.75,7.25,7.75,9.33,1350.0,Guatemala,1350.0,1350.0,82.17
774,7.5,7.5,7.58,10.0,1000.0,Mexico,1000.0,1000.0,82.17
775,7.5,7.0,7.67,10.0,1200.0,Mexico,1200.0,1200.0,82.17
776,7.17,7.58,7.67,10.0,1800.0,Colombia,1800.0,1800.0,82.17
777,7.42,7.5,7.5,10.0,1300.0,Indonesia,1300.0,1300.0,82.08
779,7.5,7.42,7.58,10.0,894.0,Brazil,894.0,894.0,82.08
780,7.58,7.25,7.25,10.0,1.0,Brazil,1.0,1.0,82.08
781,7.25,7.75,7.42,10.0,1300.0,Costa Rica,1200.0,1400.0,82.08
782,7.42,7.42,7.33,10.0,1500.0,"Tanzania, United Republic Of",1500.0,1500.0,82.08
783,7.33,7.42,7.5,10.0,1600.0,"Tanzania, United Republic Of",1500.0,1700.0,82.08
785,7.33,7.58,7.33,10.0,13.0,Costa Rica,13.0,13.0,82.08
787,7.33,7.42,7.58,10.0,1300.0,Mexico,1300.0,1300.0,82.08
788,7.5,7.5,7.42,10.0,1800.0,Mexico,1800.0,1800.0,82.08
789,7.58,7.67,7.5,10.0,1250.0,Mexico,1250.0,1250.0,82.08
790,7.08,7.67,8.0,10.0,1040.0,Vietnam,1040.0,1040.0,82.08
791,7.75,7.58,7.42,10.0,1250.0,Mexico,1250.0,1250.0,82.08
793,7.33,7.67,7.42,10.0,1600.0,Colombia,1600.0,1600.0,82.08
794,7.5,7.5,7.5,10.0,1600.0,Honduras,1600.0,1600.0,82.0
795,7.33,7.5,7.5,10.0,1600.0,Honduras,1600.0,1600.0,82.0
796,7.5,7.5,7.33,10.0,944.0,Brazil,944.0,944.0,82.0
797,7.42,7.67,7.33,10.0,1650.0,"Tanzania, United Republic Of",1500.0,1800.0,82.0
798,7.33,7.42,7.5,10.0,1250.0,Laos,1250.0,1250.0,82.0
799,7.58,7.42,7.42,10.0,1350.0,"Tanzania, United Republic Of",1300.0,1400.0,82.0
800,7.58,7.5,7.42,10.0,2500.0,Malawi,2500.0,2500.0,82.0
801,7.42,7.33,7.5,10.0,600.0,Taiwan,600.0,600.0,82.0
802,7.42,7.58,7.5,10.0,800.0,Thailand,800.0,800.0,82.0
803,7.33,7.5,7.25,10.0,1300.0,Costa Rica,1200.0,1400.0,82.0
804,7.5,7.33,7.33,10.0,1400.0,Honduras,1400.0,1400.0,82.0
805,7.5,7.33,7.33,10.0,1900.0,Colombia,1800.0,2000.0,82.0
806,7.42,7.42,7.58,10.0,650.0,Taiwan,600.0,700.0,82.0
807,7.17,7.33,7.67,10.0,1038.5,Brazil,894.0,1183.0,82.0
808,7.5,7.67,7.33,10.0,940.0,Mexico,940.0,940.0,82.0
809,7.5,7.42,7.5,10.0,1000.0,Brazil,1000.0,1000.0,82.0
810,7.5,7.42,7.5,10.0,1050.0,Brazil,1050.0,1050.0,82.0
812,7.5,7.58,7.5,10.0,950.0,Brazil,950.0,950.0,82.0
813,7.42,7.75,7.33,9.33,1402.08,Guatemala,1402.08,1402.08,82.0
814,7.42,7.33,7.0,10.0,1775.0,Colombia,1600.0,1950.0,82.0
815,7.58,7.58,7.5,10.0,1901.0,Guatemala,1901.0,1901.0,81.92
816,7.42,7.5,7.5,10.0,1219.2,Guatemala,1219.2,1219.2,81.92
817,7.33,7.58,7.5,10.0,1400.0,Honduras,1400.0,1400.0,81.92
818,7.5,7.42,7.33,10.0,1020.0,Brazil,1020.0,1020.0,81.92
819,7.5,7.67,7.58,9.33,1250.0,El Salvador,1250.0,1250.0,81.92
820,7.83,7.58,7.58,10.0,1550.0,Guatemala,1300.0,1800.0,81.92
821,7.42,7.33,7.33,10.0,1877.0,"Tanzania, United Republic Of",1877.0,1877.0,81.92
823,7.33,7.67,7.08,10.0,1250.0,Zambia,1000.0,1500.0,81.92
825,7.25,7.5,7.5,10.0,1000.0,Taiwan,1000.0,1000.0,81.92
826,7.58,7.58,7.5,10.0,1300.0,Mexico,1300.0,1300.0,81.92
827,7.25,7.5,7.5,10.0,981.0,Mexico,981.0,981.0,81.92
828,7.5,7.5,7.42,10.0,690.0,Mexico,690.0,690.0,81.92
829,7.58,7.33,7.58,10.0,1650.0,Mexico,1650.0,1650.0,81.92
830,7.83,7.67,7.42,10.0,1000.0,Mexico,1000.0,1000.0,81.92
831,7.5,7.42,7.58,10.0,1100.0,Brazil,1100.0,1100.0,81.92
832,7.58,7.67,7.33,10.0,1600.0,Colombia,1600.0,1600.0,81.92
833,7.5,7.42,7.5,10.0,157.8864,Guatemala,157.8864,157.8864,81.83
834,7.33,7.25,7.33,10.0,1900.0,Costa Rica,1900.0,1900.0,81.83
835,7.5,7.42,7.5,10.0,973.0,Brazil,973.0,973.0,81.83
836,7.75,7.75,7.83,10.0,1250.0,Indonesia,1250.0,1250.0,81.83
837,7.42,7.58,7.5,10.0,3280.0,Guatemala,3280.0,3280.0,81.83
838,7.5,7.17,7.58,10.0,1.0,Brazil,1.0,1.0,81.83
839,6.92,7.58,7.0,10.0,1.0,Brazil,1.0,1.0,81.83
840,7.42,7.33,7.58,10.0,4001.0,Myanmar,4001.0,4001.0,81.83
841,7.5,7.58,7.5,10.0,1425.0,Mexico,1350.0,1500.0,81.83
842,7.5,7.5,7.5,10.0,1400.0,Honduras,1400.0,1400.0,81.83
843,7.25,7.67,7.5,10.0,1300.0,Costa Rica,1200.0,1400.0,81.83
844,7.25,7.67,7.33,10.0,700.0,Taiwan,700.0,700.0,81.83
845,7.33,7.42,7.42,10.0,1300.0,Indonesia,1300.0,1300.0,81.83
846,7.33,7.58,7.42,10.0,1556.0,Malawi,1556.0,1556.0,81.83
847,7.17,7.33,7.58,10.0,1100.0,Brazil,1100.0,1100.0,81.83
848,7.33,7.5,7.5,10.0,1350.0,Honduras,1350.0,1350.0,81.83
849,7.5,7.42,7.42,10.0,1550.0,Mexico,1550.0,1550.0,81.83
850,7.42,7.5,7.5,10.0,1775.0,Colombia,1600.0,1950.0,81.83
852,7.42,7.75,7.75,9.33,1250.0,Brazil,1250.0,1250.0,81.83
853,7.33,7.83,7.67,9.33,1310.64,Guatemala,1310.64,1310.64,81.83
854,7.58,7.83,7.33,10.0,1500.0,Mexico,1500.0,1500.0,81.83
855,7.5,7.33,7.33,10.0,1250.0,Mexico,1250.0,1250.0,81.83
856,7.5,7.33,7.67,10.0,925.0,Brazil,900.0,950.0,81.83
857,7.58,7.58,7.5,10.0,1700.0,Colombia,1600.0,1800.0,81.83
859,7.42,7.5,7.5,10.0,1700.0,Guatemala,1700.0,1700.0,81.75
860,7.5,7.0,7.08,10.0,1040.0,Vietnam,1040.0,1040.0,81.75
861,7.42,7.42,7.42,10.0,1600.0,"Tanzania, United Republic Of",1500.0,1700.0,81.75
863,7.42,7.5,7.5,10.0,774.0,Mexico,774.0,774.0,81.75
864,7.67,7.42,7.5,10.0,1250.0,Mexico,1250.0,1250.0,81.75
865,7.58,7.42,7.5,10.0,1100.0,Mexico,1100.0,1100.0,81.75
866,7.67,7.33,7.42,10.0,1550.0,Mexico,1550.0,1550.0,81.75
867,7.33,7.5,7.42,10.0,1650.0,Mexico,1650.0,1650.0,81.75
868,7.33,7.33,7.42,10.0,1750.0,Colombia,1750.0,1750.0,81.75
869,7.08,7.42,7.58,10.0,1775.0,Colombia,1600.0,1950.0,81.75
870,7.5,7.42,7.5,10.0,890.0,Brazil,890.0,890.0,81.67
871,7.42,7.42,7.42,10.0,1700.0,Guatemala,1700.0,1700.0,81.67
872,7.67,7.42,7.33,10.0,1219.2,Guatemala,1219.2,1219.2,81.67
873,7.33,7.58,7.5,10.0,1450.0,Honduras,1450.0,1450.0,81.67
874,7.42,7.17,7.33,10.0,1800.0,"Tanzania, United Republic Of",1800.0,1800.0,81.67
877,7.42,7.25,7.75,10.0,1.0,Brazil,1.0,1.0,81.67
878,7.42,7.42,7.33,10.0,1500.0,"Tanzania, United Republic Of",1200.0,1800.0,81.67
879,7.25,7.33,7.33,10.0,1700.0,"Tanzania, United Republic Of",1700.0,1700.0,81.67
880,7.5,7.25,7.42,10.0,1260.0,Brazil,1260.0,1260.0,81.67
882,7.5,7.5,7.33,10.0,1400.0,Honduras,1400.0,1400.0,81.67
883,7.17,7.5,7.17,10.0,1850.0,Costa Rica,1850.0,1850.0,81.67
885,7.25,7.5,7.5,10.0,150.0,Taiwan,150.0,150.0,81.67
886,7.42,7.58,7.42,10.0,750.0,Taiwan,750.0,750.0,81.67
887,7.58,7.5,7.42,10.0,1400.0,Mexico,1400.0,1400.0,81.67
888,7.33,7.5,7.67,10.0,1752.6,Guatemala,1676.4,1828.8,81.67
889,7.67,7.25,7.67,10.0,1650.0,Mexico,1650.0,1650.0,81.67
890,7.75,7.67,7.25,10.0,1400.0,Mexico,1400.0,1400.0,81.67
891,7.42,7.5,7.42,10.0,1200.0,Mexico,1200.0,1200.0,81.67
892,7.58,7.58,7.42,10.0,1400.0,Mexico,1400.0,1400.0,81.67
893,7.17,7.75,7.58,10.0,940.0,Mexico,940.0,940.0,81.67
895,7.42,7.5,7.42,10.0,1200.0,Honduras,1200.0,1200.0,81.58
896,7.5,7.42,7.42,10.0,190164.0,Guatemala,190164.0,190164.0,81.58
897,7.67,7.42,7.42,10.0,800.0,Taiwan,800.0,800.0,81.58
898,7.17,7.58,7.42,10.0,13.0,Costa Rica,13.0,13.0,81.58
899,7.42,7.42,7.42,10.0,1800.0,"Tanzania, United Republic Of",1800.0,1800.0,81.58
900,7.58,7.42,7.42,10.0,1100.0,Malawi,1100.0,1100.0,81.58
901,7.08,7.33,7.17,9.33,850.0,Taiwan,850.0,850.0,81.58
902,7.33,7.42,7.42,10.0,1260.0,Brazil,1260.0,1260.0,81.58
903,7.58,7.42,7.33,10.0,1310.64,Guatemala,1310.64,1310.64,81.58
904,7.5,7.67,7.5,10.0,1400.0,Mexico,1400.0,1400.0,81.58
905,7.5,7.33,7.5,10.0,1600.0,Mexico,1600.0,1600.0,81.58
906,7.58,7.67,7.58,8.67,1650.0,Mexico,1650.0,1650.0,81.58
907,7.58,7.08,7.33,10.0,1499.9208,Thailand,1499.9208,1499.9208,81.58
909,7.33,7.25,7.17,10.0,1600.2,Costa Rica,1371.6,1828.8,81.58
910,7.42,7.67,7.58,10.0,1219.2,Guatemala,1219.2,1219.2,81.5
911,7.33,7.5,7.42,10.0,1100.0,Nicaragua,1100.0,1100.0,81.5
912,7.42,7.5,7.5,10.0,1400.0,Honduras,1400.0,1400.0,81.5
914,7.08,7.5,7.42,10.0,180.0,Taiwan,160.0,200.0,81.5
915,7.5,7.25,7.42,10.0,1219.2,Myanmar,1219.2,1219.2,81.5
916,7.08,7.83,7.33,10.0,1200.0,Costa Rica,1200.0,1200.0,81.5
917,7.5,7.67,7.42,10.0,1599.0,Malawi,1599.0,1599.0,81.5
918,7.58,7.5,7.42,10.0,1219.2,Guatemala,1219.2,1219.2,81.5
919,7.33,7.42,7.33,9.33,900.0,Taiwan,900.0,900.0,81.5
920,7.67,7.58,7.5,9.33,1200.0,Brazil,1200.0,1200.0,81.5
921,7.42,7.42,7.33,10.0,825.0,Haiti,400.0,1250.0,81.5
922,7.25,7.5,7.42,10.0,600.0,Taiwan,600.0,600.0,81.5
923,7.42,7.33,7.33,10.0,1150.0,Mexico,1150.0,1150.0,81.5
924,7.42,7.58,7.42,10.0,1600.0,Mexico,1600.0,1600.0,81.5
925,7.42,7.42,7.25,10.0,1100.0,Mexico,1100.0,1100.0,81.5
926,7.33,7.33,7.5,10.0,1000.0,Mexico,1000.0,1000.0,81.5
927,7.17,7.42,7.42,10.0,1250.0,Mexico,1250.0,1250.0,81.5
928,7.5,7.5,7.5,10.0,1100.0,Mexico,1100.0,1100.0,81.5
929,7.33,7.75,7.17,10.0,1400.0,Indonesia,1200.0,1600.0,81.5
930,7.42,7.5,7.42,10.0,125.0,Brazil,125.0,125.0,81.5
932,7.42,7.42,7.42,10.0,1450.0,Colombia,1050.0,1850.0,81.5
934,7.33,7.58,7.33,10.0,1100.0,Mexico,1100.0,1100.0,81.42
935,7.58,7.42,7.33,10.0,1371.6,Guatemala,1371.6,1371.6,81.42
936,7.33,7.33,7.5,10.0,1100.0,Brazil,1100.0,1100.0,81.42
937,7.25,7.5,7.33,10.0,1400.0,Honduras,1400.0,1400.0,81.42
938,7.17,7.83,7.75,10.0,110.0,Taiwan,110.0,110.0,81.42
939,7.42,7.58,7.17,10.0,1422.0,Malawi,1422.0,1422.0,81.42
940,7.17,7.25,7.5,10.0,1100.0,Brazil,1100.0,1100.0,81.42
941,7.42,7.42,7.5,10.0,1550.0,Guatemala,1550.0,1550.0,81.42
942,7.17,7.67,7.33,10.0,1550.0,Mexico,1550.0,1550.0,81.42
944,7.42,7.42,7.33,10.0,1310.64,Guatemala,1310.64,1310.64,81.42
945,7.17,7.42,7.33,10.0,763.0,Mexico,763.0,763.0,81.42
946,7.25,7.42,7.42,10.0,1100.0,Mexico,1100.0,1100.0,81.42
947,7.17,7.5,7.42,10.0,1750.0,Colombia,1750.0,1750.0,81.42
948,7.0,7.75,7.33,10.0,1880.0,Colombia,1880.0,1880.0,81.42
951,7.17,7.5,7.5,10.0,1500.0,Honduras,1500.0,1500.0,81.33
952,7.42,7.67,7.42,10.0,1130.0,Mexico,1130.0,1130.0,81.33
953,7.33,7.25,7.33,10.0,1100.0,Brazil,1100.0,1100.0,81.33
954,7.42,7.58,7.42,10.0,1350.0,Honduras,1350.0,1350.0,81.33
955,7.25,7.17,7.33,10.0,1200.0,Brazil,1200.0,1200.0,81.33
956,7.33,7.08,7.33,10.0,1400.0,Philippines,1400.0,1400.0,81.33
957,7.33,7.75,7.33,10.0,1200.0,Malawi,1200.0,1200.0,81.33
958,7.33,7.33,7.33,10.0,1450.0,Honduras,1450.0,1450.0,81.33
959,7.33,7.58,7.42,10.0,1800.0,Mexico,1800.0,1800.0,81.33
960,7.42,7.33,7.25,10.0,1000.0,Mexico,1000.0,1000.0,81.33
961,7.5,7.5,7.58,9.33,1100.0,Brazil,1100.0,1100.0,81.33
962,7.83,7.83,7.75,10.0,680.0,Taiwan,680.0,680.0,81.25
963,7.08,7.17,7.42,10.0,1.0,Brazil,1.0,1.0,81.25
964,7.17,7.08,7.5,10.0,1100.0,Nicaragua,1100.0,1100.0,81.25
965,7.5,7.42,7.17,10.0,1400.0,Honduras,1400.0,1400.0,81.25
966,7.25,7.33,7.42,10.0,1700.0,Guatemala,1700.0,1700.0,81.25
967,7.5,7.33,7.17,10.0,1700.0,"Tanzania, United Republic Of",1700.0,1700.0,81.25
968,7.25,7.5,7.5,10.0,650.0,Taiwan,650.0,650.0,81.25
969,7.58,7.5,7.33,10.0,1524.0,Guatemala,1524.0,1524.0,81.25
970,7.33,7.42,7.42,10.0,1500.0,Mexico,1500.0,1500.0,81.25
971,7.17,7.33,7.5,10.0,1200.0,Nicaragua,1200.0,1200.0,81.17
972,7.33,7.67,7.17,10.0,1050.0,"Tanzania, United Republic Of",100.0,2000.0,81.17
973,7.25,7.75,7.58,10.0,1200.0,Mexico,1200.0,1200.0,81.17
974,7.17,7.5,7.5,10.0,1300.0,Costa Rica,1200.0,1400.0,81.17
975,7.42,7.42,7.33,10.0,1450.0,Honduras,1450.0,1450.0,81.17
976,7.17,6.83,7.42,10.0,1450.0,Thailand,1400.0,1500.0,81.17
977,7.08,7.25,7.25,10.0,1200.0,Philippines,1200.0,1200.0,81.17
978,7.33,7.58,7.17,10.0,1550.0,"Tanzania, United Republic Of",1550.0,1550.0,81.17
979,7.08,7.58,7.25,10.0,995.0,Malawi,990.0,1000.0,81.17
980,7.25,7.33,7.08,10.0,1300.0,Costa Rica,1200.0,1400.0,81.17
982,7.75,7.42,7.25,10.0,1800.0,Mexico,1800.0,1800.0,81.17
983,7.25,7.42,7.25,10.0,1450.0,Guatemala,1450.0,1450.0,81.17
984,7.42,7.42,7.33,10.0,1000.0,Brazil,1000.0,1000.0,81.17
987,7.25,7.58,7.42,9.33,695.0,Brazil,695.0,695.0,81.08
988,7.42,7.33,7.33,10.0,1100.0,Nicaragua,1100.0,1100.0,81.08
989,7.42,7.42,7.17,10.0,1706.88,United States,1706.88,1706.88,81.08
990,7.25,7.42,7.33,10.0,1456.0,"Tanzania, United Republic Of",1456.0,1456.0,81.08
991,7.25,7.42,7.25,10.0,1500.0,Costa Rica,1500.0,1500.0,81.08
992,7.58,7.67,7.75,10.0,853.44,United States (Puerto Rico),853.44,853.44,81.08
993,7.33,7.25,7.42,10.0,1650.0,Mexico,1650.0,1650.0,81.08
994,7.42,7.33,7.25,10.0,1300.0,Mexico,1300.0,1300.0,81.08
995,7.42,7.33,7.33,10.0,1642.0,Mexico,1642.0,1642.0,81.08
996,7.42,7.42,7.33,10.0,1200.0,Mexico,1200.0,1200.0,81.08
999,7.33,7.42,7.08,10.0,1450.0,El Salvador,1450.0,1450.0,81.0
1001,7.5,7.42,7.25,10.0,3280.0,Guatemala,3280.0,3280.0,81.0
1002,5.25,7.67,7.5,10.0,1600.0,Colombia,1600.0,1600.0,81.0
1003,7.25,7.5,7.25,10.0,1219.2,Guatemala,1219.2,1219.2,81.0
1004,7.25,7.25,7.17,10.0,758.0,Taiwan,758.0,758.0,81.0
1005,7.33,7.42,7.25,10.0,1350.0,Honduras,1350.0,1350.0,81.0
1007,7.42,7.33,7.33,10.0,1525.0,"Tanzania, United Republic Of",1525.0,1525.0,81.0
1008,7.33,7.33,6.92,10.0,1700.0,Uganda,1700.0,1700.0,81.0
1009,7.33,7.5,6.92,10.0,1100.0,Taiwan,1100.0,1100.0,81.0
1010,7.42,7.33,7.42,10.0,800.0,Thailand,800.0,800.0,81.0
1011,7.33,7.08,7.33,10.0,950.0,Mexico,950.0,950.0,81.0
1012,7.67,7.58,7.67,10.0,1100.0,Mexico,1100.0,1100.0,81.0
1013,7.33,7.33,7.17,10.0,200.0,Taiwan,200.0,200.0,80.92
1014,7.58,7.67,7.67,9.33,1901.0,Guatemala,1901.0,1901.0,80.92
1015,7.5,7.17,7.58,10.0,1600.0,Kenya,1600.0,1600.0,80.92
1016,7.42,7.5,7.33,10.0,1100.0,Mexico,1100.0,1100.0,80.92
1017,7.58,7.17,7.42,10.0,1066.8,Myanmar,1066.8,1066.8,80.92
1019,7.25,7.33,7.17,10.0,1700.0,"Tanzania, United Republic Of",1700.0,1700.0,80.92
1020,7.25,7.25,7.33,10.0,1200.0,Brazil,1200.0,1200.0,80.92
1021,7.08,7.92,7.67,10.0,550.0,Taiwan,550.0,550.0,80.92
1022,7.25,7.17,7.42,10.0,1100.0,Brazil,1100.0,1100.0,80.92
1023,7.0,7.33,7.08,10.0,1050.0,Nicaragua,700.0,1400.0,80.92
1024,7.5,7.58,7.42,10.0,1524.0,Guatemala,1524.0,1524.0,80.92
1025,7.25,7.42,7.25,10.0,900.0,Taiwan,900.0,900.0,80.92
1026,7.08,7.25,7.17,10.0,688.0,Taiwan,688.0,688.0,80.92
1027,7.25,7.42,7.25,10.0,300.0,Taiwan,300.0,300.0,80.92
1028,7.5,7.58,7.33,10.0,1186.0,Mexico,1186.0,1186.0,80.92
1030,7.17,7.42,7.33,10.0,1300.0,Laos,1300.0,1300.0,80.83
1031,7.33,7.67,7.25,10.0,1200.0,Guatemala,1200.0,1200.0,80.83
1032,7.42,7.17,7.08,10.0,1210.0,Mexico,1210.0,1210.0,80.83
1033,7.33,7.33,7.25,10.0,1100.0,Mexico,1100.0,1100.0,80.83
1034,7.25,7.5,7.17,10.0,100.0,Mexico,100.0,100.0,80.83
1036,6.83,7.33,7.33,10.0,1800.0,Colombia,1800.0,1800.0,80.83
1038,7.58,6.92,7.5,10.0,3825.0,Myanmar,3825.0,3825.0,80.75
1039,7.42,7.5,7.33,10.0,1706.88,Guatemala,1658.112,1755.648,80.75
1040,7.25,7.25,7.25,10.0,110000.0,Nicaragua,110000.0,110000.0,80.75
1041,7.42,7.5,7.33,10.0,1450.0,Honduras,1450.0,1450.0,80.75
1042,7.33,7.25,7.33,10.0,1680.0,Panama,1680.0,1680.0,80.75
1043,7.42,7.42,7.17,10.0,1350.0,Honduras,1350.0,1350.0,80.75
1044,7.5,7.25,7.33,10.0,1450.0,Honduras,1450.0,1450.0,80.75
1045,7.25,7.33,7.33,10.0,1300.0,Costa Rica,1300.0,1300.0,80.75
1046,7.25,7.58,7.33,10.0,1200.0,Mexico,1200.0,1200.0,80.75
1047,7.25,7.42,7.0,10.0,1000.0,Haiti,1000.0,1000.0,80.75
1050,7.67,7.58,7.42,10.0,1350.0,Indonesia,1200.0,1500.0,80.67
1051,7.17,7.67,7.42,10.0,1500.0,Guatemala,1500.0,1500.0,80.67
1052,7.67,7.83,7.5,10.0,185.0,Costa Rica,185.0,185.0,80.67
1053,7.17,7.5,7.25,10.0,995.0,Malawi,990.0,1000.0,80.67
1054,7.25,7.25,7.17,10.0,1200.0,Mexico,1200.0,1200.0,80.67
1055,7.67,7.67,7.5,6.67,1550.0,Colombia,1550.0,1550.0,80.67
1056,7.5,7.67,7.17,10.0,1550.0,Guatemala,1550.0,1550.0,80.67
1062,7.33,7.25,7.08,10.0,1400.0,"Tanzania, United Republic Of",1400.0,1400.0,80.58
1063,7.0,7.42,7.25,10.0,1200.0,Brazil,1200.0,1200.0,80.58
1064,7.42,7.5,7.17,10.0,1400.0,Honduras,1400.0,1400.0,80.58
1065,7.5,7.17,7.42,10.0,1383.7920000000001,Guatemala,1383.7920000000001,1383.7920000000001,80.58
1068,7.42,7.17,7.17,10.0,50.0,Taiwan,50.0,50.0,80.5
1069,7.17,7.33,7.25,10.0,1500.0,Guatemala,1500.0,1500.0,80.5
1070,7.17,7.58,7.33,10.0,1650.0,Honduras,1650.0,1650.0,80.5
1071,7.17,7.25,7.25,10.0,280.0,Mauritius,280.0,280.0,80.5
1072,7.5,7.25,7.33,10.0,1250.0,Brazil,1250.0,1250.0,80.5
1073,7.42,7.17,7.33,10.0,3800.0,Myanmar,3800.0,3800.0,80.5
1074,7.5,7.5,7.17,10.0,1219.2,Guatemala,1219.2,1219.2,80.5
1075,7.33,7.42,7.42,10.0,1250.0,Brazil,1250.0,1250.0,80.5
1077,7.67,7.5,7.5,10.0,1859.28,Guatemala,1859.28,1859.28,80.5
1078,7.33,7.25,7.25,10.0,1450.0,Mexico,1450.0,1450.0,80.5
1079,7.42,7.25,7.42,10.0,1450.0,Honduras,1450.0,1450.0,80.42
1080,7.17,7.58,7.17,10.0,600.0,Taiwan,600.0,600.0,80.42
1081,7.08,7.33,7.17,10.0,1450.0,El Salvador,1450.0,1450.0,80.42
1082,7.17,7.25,7.08,10.0,1700.0,China,1700.0,1700.0,80.42
1083,7.25,7.25,7.25,10.0,600.0,Taiwan,600.0,600.0,80.42
1084,7.5,6.92,7.17,10.0,1050.0,Mexico,1050.0,1050.0,80.42
1085,7.33,7.42,7.08,10.0,1550.0,Mexico,1550.0,1550.0,80.42
1086,7.33,7.08,7.25,10.0,1700.0,Burundi,1700.0,1700.0,80.33
1087,7.25,7.25,7.17,10.0,1700.0,"Tanzania, United Republic Of",1700.0,1700.0,80.33
1089,7.25,7.25,7.25,10.0,600.0,Taiwan,600.0,600.0,80.33
1090,7.5,7.33,7.33,10.0,1310.64,Guatemala,1310.64,1310.64,80.33
1091,7.33,7.25,7.08,10.0,940.0,Mexico,940.0,940.0,80.33
1094,7.08,7.17,7.33,10.0,995.0,Brazil,995.0,995.0,80.25
1095,7.0,7.25,7.25,10.0,1400.0,Honduras,1400.0,1400.0,80.25
1096,7.33,7.25,7.17,10.0,1600.0,Mexico,1600.0,1600.0,80.25
1097,7.33,8.0,7.08,10.0,914.4,Myanmar,914.4,914.4,80.25
1098,7.0,7.42,7.0,10.0,4287.0,Myanmar,4287.0,4287.0,80.25
1099,7.25,7.08,6.92,10.0,900.0,Nicaragua,900.0,900.0,80.25
1102,7.25,7.25,7.08,10.0,700.0,Taiwan,700.0,700.0,80.25
1103,7.33,7.0,7.17,10.0,1400.0,Guatemala,1400.0,1400.0,80.25
1104,7.25,7.58,7.33,10.0,808.0,Mexico,808.0,808.0,80.25
1105,7.58,7.42,7.25,10.0,1550.0,Vietnam,1550.0,1550.0,80.17
1106,7.33,7.17,7.08,10.0,1187.5,Nicaragua,1100.0,1275.0,80.17
1107,7.17,7.25,7.25,10.0,1400.0,Honduras,1400.0,1400.0,80.17
1108,7.17,7.33,7.33,10.0,1310.64,Guatemala,1310.64,1310.64,80.17
1109,7.42,7.33,7.08,10.0,1250.0,Mexico,1250.0,1250.0,80.17
1110,7.5,7.58,7.42,10.0,1550.0,Mexico,1550.0,1550.0,80.17
1111,7.08,7.33,7.33,10.0,1000.0,Mexico,1000.0,1000.0,80.17
1112,7.33,7.33,7.33,10.0,1310.64,Guatemala,1310.64,1310.64,80.17
1114,7.17,7.17,7.17,10.0,1100.0,Brazil,1100.0,1100.0,80.08
1115,7.17,7.42,7.25,10.0,850.0,Taiwan,850.0,850.0,80.08
1117,7.25,7.25,7.25,10.0,200.0,Taiwan,200.0,200.0,80.08
1118,7.0,7.25,7.25,10.0,150.0,Taiwan,150.0,150.0,80.08
1119,7.08,7.25,7.25,10.0,250.0,Taiwan,250.0,250.0,80.08
1120,7.08,7.33,7.17,10.0,1300.0,Mexico,1300.0,1300.0,80.08
1121,7.17,7.25,7.08,10.0,1300.0,Mexico,1300.0,1300.0,80.08
1122,7.08,7.33,7.08,10.0,1250.0,Nicaragua,1250.0,1250.0,80.0
1123,7.42,7.17,7.33,10.0,3845.0,Myanmar,3845.0,3845.0,80.0
1124,7.5,7.58,7.75,10.0,1400.0,Mexico,1300.0,1500.0,80.0
1125,7.0,7.25,7.25,10.0,250.0,Taiwan,250.0,250.0,80.0
1126,7.42,7.33,6.67,10.0,800.0,Thailand,800.0,800.0,80.0
1127,7.17,7.25,7.25,10.0,1250.0,Mexico,1250.0,1250.0,80.0
1128,7.33,7.08,7.33,10.0,1100.0,Mexico,1100.0,1100.0,80.0
1132,7.33,7.33,7.08,10.0,1300.0,Mexico,1300.0,1300.0,79.92
1133,7.25,7.17,7.17,10.0,1100.0,Mexico,1100.0,1100.0,79.92
1134,7.17,7.5,7.17,10.0,1100.0,Mexico,1100.0,1100.0,79.92
1135,7.08,7.17,7.08,10.0,1100.0,Mexico,1100.0,1100.0,79.92
1136,7.42,7.33,7.25,10.0,1250.0,Mexico,1250.0,1250.0,79.92
1137,7.58,7.17,7.33,10.0,1250.0,Mexico,1250.0,1250.0,79.92
1139,7.17,7.0,7.08,10.0,1500.0,Kenya,1500.0,1500.0,79.83
1140,7.33,7.33,7.25,10.0,1700.0,Guatemala,1700.0,1700.0,79.83
1141,6.92,6.83,7.17,10.0,1250.0,Nicaragua,1250.0,1250.0,79.83
1142,7.25,7.17,7.08,10.0,1300.0,Mexico,1300.0,1300.0,79.83
1144,7.58,7.5,7.42,9.33,190164.0,Guatemala,190164.0,190164.0,79.75
1145,7.33,7.75,7.33,8.67,1000.0,Taiwan,800.0,1200.0,79.75
1146,7.0,7.08,7.08,10.0,600.0,Taiwan,500.0,700.0,79.75
1147,7.5,7.25,7.08,10.0,800.0,Thailand,800.0,800.0,79.75
1149,7.75,7.58,7.5,10.0,1100.0,Costa Rica,1100.0,1100.0,79.75
1150,7.0,7.58,7.08,10.0,1400.0,Mexico,1400.0,1400.0,79.75
1151,7.58,7.58,7.08,10.0,1022.0,Mexico,1022.0,1022.0,79.75
1152,7.17,7.25,7.08,10.0,1300.0,Mexico,1300.0,1300.0,79.75
1153,7.08,7.25,7.17,10.0,1450.0,Mexico,1450.0,1450.0,79.75
1154,7.08,7.33,7.25,10.0,1050.0,Mexico,1050.0,1050.0,79.75
1156,7.08,7.25,6.83,10.0,1100.0,Mexico,1100.0,1100.0,79.75
1157,7.58,7.42,7.42,9.33,1219.2,Guatemala,1219.2,1219.2,79.67
1158,6.83,7.25,7.08,10.0,1250.0,El Salvador,1250.0,1250.0,79.67
1159,7.42,6.92,7.17,10.0,800.0,Thailand,800.0,800.0,79.67
1160,7.08,7.5,7.0,10.0,1310.64,Guatemala,1310.64,1310.64,79.67
1161,7.58,7.42,7.25,10.0,1400.0,Mexico,1400.0,1400.0,79.67
1162,6.75,7.33,7.17,10.0,975.0,Mexico,975.0,975.0,79.67
1163,7.17,6.92,7.17,10.0,1264.0,Mexico,1264.0,1264.0,79.67
1165,7.33,7.08,7.0,10.0,1250.0,Mexico,1250.0,1250.0,79.58
1166,7.33,7.25,6.92,10.0,1550.0,Mexico,1550.0,1550.0,79.58
1167,6.75,7.25,7.17,10.0,1800.0,Colombia,1800.0,1800.0,79.58
1168,7.33,7.08,7.0,10.0,1325.88,Guatemala,1066.8,1584.96,79.58
1169,7.42,6.92,6.92,10.0,1050.0,Nicaragua,1050.0,1050.0,79.5
1170,7.0,6.92,7.0,10.0,700.0,Taiwan,700.0,700.0,79.5
1171,7.42,7.83,7.5,10.0,1550.0,Colombia,1550.0,1550.0,79.5
1172,7.25,7.25,7.08,10.0,1550.0,Mexico,1550.0,1550.0,79.5
1173,7.25,7.25,7.33,10.0,1100.0,Mexico,1100.0,1100.0,79.5
1174,7.58,7.08,7.33,9.33,1219.2,Guatemala,1219.2,1219.2,79.42
1175,7.0,7.25,7.33,10.0,1219.2,Guatemala,1219.2,1219.2,79.42
1176,7.42,7.0,6.83,10.0,800.0,Mexico,800.0,800.0,79.42
1177,7.0,7.42,7.25,10.0,200.0,Cote d?Ivoire,200.0,200.0,79.33
1178,7.25,7.42,7.25,10.0,1200.0,Colombia,1200.0,1200.0,79.33
1179,7.33,7.0,7.0,10.0,950.0,Mexico,950.0,950.0,79.33
1180,7.17,7.42,7.17,10.0,750.0,Mexico,750.0,750.0,79.33
1182,7.25,7.08,6.83,10.0,850.0,Taiwan,850.0,850.0,79.25
1183,7.17,7.0,7.0,10.0,1000.0,Mexico,1000.0,1000.0,79.25
1184,7.42,7.33,7.42,9.33,1219.2,Guatemala,1219.2,1219.2,79.17
1185,6.92,7.58,7.0,10.0,1650.0,Honduras,1650.0,1650.0,79.17
1186,7.42,7.08,7.0,10.0,1320.0,Guatemala,1320.0,1320.0,79.17
1187,7.25,7.25,7.17,10.0,1550.0,Guatemala,1300.0,1800.0,79.17
1189,7.08,7.25,7.08,10.0,1550.0,Mexico,1550.0,1550.0,79.17
1190,7.08,7.17,6.92,10.0,1450.0,Mexico,1450.0,1450.0,79.17
1191,7.25,6.75,6.75,10.0,1200.0,Mexico,1200.0,1200.0,79.17
1192,7.42,7.58,7.67,8.67,1700.0,Guatemala,1700.0,1700.0,79.08
1193,7.33,7.42,7.08,10.0,853.44,United States (Puerto Rico),853.44,853.44,79.08
1194,7.25,7.33,7.0,10.0,1500.0,Mexico,1500.0,1500.0,79.08
1195,7.33,7.25,7.08,10.0,1100.0,Mexico,1100.0,1100.0,79.08
1196,7.17,7.17,7.25,10.0,1200.0,Mexico,1200.0,1200.0,79.08
1198,7.42,7.33,7.17,10.0,1219.2,Guatemala,1219.2,1219.2,79.0
1199,7.0,7.0,7.0,10.0,1350.0,Honduras,1350.0,1350.0,79.0
1200,7.25,7.67,7.17,9.33,1400.0,Peru,1400.0,1400.0,79.0
1201,7.25,6.75,7.08,10.0,1300.0,Mexico,1300.0,1300.0,79.0
1202,7.5,7.5,7.17,10.0,1550.0,Mexico,1550.0,1550.0,79.0
1203,7.25,7.17,6.83,10.0,12.0,Mexico,12.0,12.0,79.0
1204,7.08,7.33,7.0,10.0,1300.0,Mexico,1300.0,1300.0,78.92
1205,7.08,7.5,7.0,10.0,1400.0,Mexico,1400.0,1400.0,78.92
1206,7.0,7.17,7.0,10.0,1100.0,Nicaragua,1100.0,1100.0,78.83
1208,7.25,7.33,7.08,10.0,1310.64,Guatemala,1310.64,1310.64,78.75
1209,7.0,7.25,6.83,10.0,1320.0,Mexico,1320.0,1320.0,78.75
1210,7.25,7.25,7.33,10.0,1250.0,Mexico,1250.0,1250.0,78.75
1211,7.33,7.67,7.17,8.67,1350.0,Mexico,1350.0,1350.0,78.75
1212,7.17,7.0,6.92,9.33,1850.0,China,1850.0,1850.0,78.67
1213,7.25,6.92,6.92,10.0,1150.0,Mexico,1150.0,1150.0,78.67
1216,7.58,7.33,7.17,10.0,1219.2,Guatemala,1219.2,1219.2,78.58
1217,7.25,6.83,6.75,10.0,800.0,Taiwan,800.0,800.0,78.58
1218,7.33,7.0,7.0,10.0,1400.0,Mexico,1400.0,1400.0,78.58
1219,7.92,7.92,7.58,10.0,1300.0,Mexico,1300.0,1300.0,78.58
1221,6.92,7.25,6.75,10.0,1600.0,Mexico,1600.0,1600.0,78.5
1222,7.0,7.08,6.83,10.0,1400.0,Mexico,1400.0,1400.0,78.5
1223,6.83,7.25,7.17,10.0,1200.0,Mexico,1200.0,1200.0,78.5
1225,7.17,7.58,7.17,10.0,1500.0,Mexico,1500.0,1500.0,78.42
1227,7.0,7.17,6.5,10.0,1219.2,Guatemala,1219.2,1219.2,78.33
1228,7.17,7.17,7.17,10.0,1310.64,Guatemala,1310.64,1310.64,78.33
1229,7.5,7.25,7.25,10.0,1300.0,Mexico,1300.0,1300.0,78.33
1233,6.92,6.92,6.83,10.0,1300.0,Indonesia,1300.0,1300.0,78.17
1234,7.25,7.08,6.83,10.0,1050.0,Mexico,1050.0,1050.0,78.08
1235,7.17,7.5,7.08,10.0,650.0,Taiwan,650.0,650.0,78.0
1236,7.0,6.83,7.0,10.0,1350.0,Honduras,1350.0,1350.0,78.0
1238,7.33,7.42,7.25,9.33,1219.2,Guatemala,1219.2,1219.2,78.0
1239,7.08,7.33,7.17,9.33,1200.0,China,1200.0,1200.0,78.0
1240,7.17,7.0,6.83,10.0,1310.64,Guatemala,1310.64,1310.64,78.0
1241,7.0,7.25,7.33,8.0,850.0,Mexico,850.0,850.0,78.0
1243,7.0,7.5,7.25,10.0,1200.0,Costa Rica,1200.0,1200.0,77.92
1244,7.0,7.42,7.25,10.0,1248.0,Mexico,1248.0,1248.0,77.92
1246,7.17,7.42,7.0,10.0,1000.0,Nicaragua,1000.0,1000.0,77.83
1248,7.17,7.0,6.83,10.0,1310.64,Guatemala,1310.64,1310.64,77.83
1249,7.33,7.17,6.75,10.0,775.0,Taiwan,750.0,800.0,77.67
1251,6.75,7.17,6.75,10.0,1300.0,Mexico,1300.0,1300.0,77.5
1252,7.0,7.08,6.92,10.0,1310.64,Guatemala,1310.64,1310.64,77.42
1253,7.58,7.5,7.33,10.0,890.0,Brazil,890.0,890.0,77.33
1254,7.17,7.33,7.0,9.33,1219.2,Guatemala,1219.2,1219.2,77.33
1255,7.0,7.33,7.0,10.0,1500.0,Mexico,1500.0,1500.0,77.33
1256,6.75,6.83,6.83,10.0,825.0,Haiti,400.0,1250.0,77.25
1258,7.25,7.08,7.0,10.0,1200.0,Mexico,1200.0,1200.0,77.17
1259,7.67,7.42,7.75,9.33,1200.0,Peru,900.0,1500.0,77.0
1261,6.83,6.67,6.33,10.0,1200.0,Mexico,1200.0,1200.0,76.75
1263,7.0,7.17,6.58,10.0,1100.0,Mexico,1100.0,1100.0,76.42
1264,7.5,7.5,7.0,8.67,1310.64,Guatemala,1310.64,1310.64,76.33
1268,7.08,7.42,7.0,10.0,1400.0,Mexico,1400.0,1400.0,76.17
1269,6.08,7.33,7.0,9.33,3500.0,Indonesia,3500.0,3500.0,76.17
1270,7.17,7.08,6.83,10.0,1250.0,Mexico,1250.0,1250.0,76.08
1271,6.83,6.83,6.83,10.0,1350.0,Honduras,1350.0,1350.0,76.0
1272,6.92,6.83,6.5,9.33,1000.0,Philippines,1000.0,1000.0,75.83
1274,7.58,7.92,7.58,8.0,1310.64,Guatemala,1310.64,1310.64,75.58
1276,7.0,7.5,7.25,10.0,1100.0,Mexico,1100.0,1100.0,75.5
1277,6.83,7.17,6.92,10.0,1200.0,Mexico,1200.0,1200.0,75.17
1278,7.08,7.25,6.83,10.0,1100.0,Mexico,1100.0,1100.0,75.17
1279,7.17,7.17,7.17,10.0,1280.0,Mexico,1280.0,1280.0,75.17
1280,6.92,7.0,6.92,10.0,850.0,Mexico,850.0,850.0,75.0
1281,7.0,7.08,6.75,10.0,1500.0,Mexico,1500.0,1500.0,74.92
1282,7.25,7.33,6.75,10.0,1250.0,Mexico,1250.0,1250.0,74.83
1285,7.5,7.08,7.0,10.0,1700.0,Mexico,1700.0,1700.0,74.67
1287,7.5,6.5,6.33,8.67,1310.64,Guatemala,1310.64,1310.64,74.33
1288,6.83,7.0,6.58,10.0,1140.0,Mexico,1140.0,1140.0,74.33
1289,7.33,6.92,6.42,10.0,1200.0,Mexico,1200.0,1200.0,74.0
1290,7.58,7.67,7.0,10.0,1250.0,Mexico,1250.0,1250.0,73.83
1293,7.17,7.0,7.17,8.0,1350.0,Honduras,1350.0,1350.0,73.42
1294,7.08,7.08,7.08,8.0,1200.0,Mexico,1200.0,1200.0,72.92
1297,7.17,6.92,6.75,8.67,1020.0,Haiti,640.0,1400.0,72.33
1298,6.83,6.33,6.5,10.0,1200.0,Costa Rica,1200.0,1200.0,71.75
1299,6.92,6.92,6.92,10.0,800.0,Mexico,800.0,800.0,71.08
1300,7.17,6.5,6.67,10.0,1800.0,Mexico,1800.0,1800.0,71.0
1301,6.92,6.92,7.0,10.0,1000.0,Mexico,1000.0,1000.0,70.75
1303,6.67,6.67,6.5,8.0,1450.0,Honduras,1450.0,1450.0,69.33
1304,6.67,7.0,6.17,8.0,1450.0,Honduras,1450.0,1450.0,69.17
1305,6.5,7.0,6.33,8.0,1450.0,Honduras,1450.0,1450.0,69.17
1306,7.42,7.08,6.83,10.0,900.0,Mexico,900.0,900.0,68.33
1307,6.67,6.75,6.58,6.0,350.0,Haiti,350.0,350.0,67.92
1308,6.25,7.25,6.58,6.0,1100.0,Nicaragua,1100.0,1100.0,63.08
1309,7.67,7.5,6.67,1.33,1417.32,Guatemala,1417.32,1417.32,59.83
